<?xml version='1.0' encoding='utf-8'?>
<Receipt>
	<ReceiptID>GR-2025-06-23;12:26:59-80</ReceiptID>
	<ReceiptBarcode>91562739</ReceiptBarcode>
	<ReceiptDate>2025-06-23;12:26:59</ReceiptDate>
	<VendorVAT>123-456-7890</VendorVAT>
	<VendorName>Acme Corp</VendorName>
	<VendorAddress>Main St 123 Springfield USA</VendorAddress>
	<Items>
		<Item>
			<item_name_brand_size>Core Step TX121|ASICS|39</item_name_brand_size>
			<item_barcode>9863033162975</item_barcode>
			<item_quantity>2</item_quantity>
			<price_ind>275.99</price_ind>
			<total_value>551.98</total_value>
			<item_vat>0.23</item_vat>
			<currency>EUR</currency>
		</Item>
	</Items>
	<ValueSum>551.98</ValueSum>
	<Currency>{'EUR'}</Currency>
	<CashRegisterID>CASHREG85d753e1-1b69-446b-97a2-dba1e72dbdbd</CashRegisterID>
</Receipt>