{
    "receipt_id": "GR-2025-06-23;12:27:19-82",
    "receipt_barcode": "30309142",
    "receipt_date": "2025-06-23;12:27:19",
    "vendor_vat": "123-456-7890",
    "vendor_name": "Acme Corp",
    "vendor_address": "Main St 123 Springfield USA",
    "items": [
        {
            "item_name_brand_size": "Pro Dash GT112|Gucci|36",
            "item_barcode": "7619730726901",
            "item_quantity": "4",
            "price_ind": "349.99",
            "total_value": "1399.96",
            "item_vat": "0.23",
            "currency": "EUR"
        },
        {
            "item_name_brand_size": "Elite Pulse LT161|Adidas|38",
            "item_barcode": "7166019579517",
            "item_quantity": "3",
            "price_ind": "273.99",
            "total_value": "821.97",
            "item_vat": "0.23",
            "currency": "EUR"
        }
    ],
    "value_sum": "2221.93",
    "currency": "{'EUR'}",
    "cash_reg_id": "CASHREG36e97063-55ee-4b83-b0f6-f51b00edbdd5"
}