<?xml version='1.0' encoding='utf-8'?>
<Receipt>
	<ReceiptID>GR-2025-06-23;12:21:27-59</ReceiptID>
	<ReceiptBarcode>86211192</ReceiptBarcode>
	<ReceiptDate>2025-06-23;12:21:27</ReceiptDate>
	<VendorVAT>123-456-7890</VendorVAT>
	<VendorName>Acme Corp</VendorName>
	<VendorAddress>Main St 123 Springfield USA</VendorAddress>
	<Items>
		<Item>
			<item_name_brand_size>Aero Drive Z183|Balenciaga|44</item_name_brand_size>
			<item_barcode>8044291295440</item_barcode>
			<item_quantity>8</item_quantity>
			<price_ind>292.99</price_ind>
			<total_value>2343.92</total_value>
			<item_vat>0.23</item_vat>
			<currency>EUR</currency>
		</Item>
	</Items>
	<ValueSum>2343.92</ValueSum>
	<Currency>{'EUR'}</Currency>
	<CashRegisterID>CASHREG402c3a78-0a3e-4cda-91b8-0ad1dcbe7c95</CashRegisterID>
</Receipt>