{
    "receipt_id": "GR-2025-06-23;12:23:58-68",
    "receipt_barcode": "17809054",
    "receipt_date": "2025-06-23;12:23:58",
    "vendor_vat": "123-456-7890",
    "vendor_name": "Acme Corp",
    "vendor_address": "Main St 123 Springfield USA",
    "items": [
        {
            "item_name_brand_size": "Aero Track M114|Brooks|41",
            "item_barcode": "6702681795124",
            "item_quantity": "1",
            "price_ind": "321.99",
            "total_value": "321.99",
            "item_vat": "0.23",
            "currency": "EUR"
        },
        {
            "item_name_brand_size": "Fusion Flow HD185|Skechers|40",
            "item_barcode": "9187906514129",
            "item_quantity": "2",
            "price_ind": "325.99",
            "total_value": "651.98",
            "item_vat": "0.23",
            "currency": "EUR"
        }
    ],
    "value_sum": "973.97",
    "currency": "{'EUR'}",
    "cash_reg_id": "CASHREGf747def8-b9e2-4d34-8fbf-0e32646324fd"
}