{
    "receipt_id": "GR-2025-06-23;12:28:29-85",
    "receipt_barcode": "76643613",
    "receipt_date": "2025-06-23;12:28:29",
    "vendor_vat": "123-456-7890",
    "vendor_name": "Acme Corp",
    "vendor_address": "Main St 123 Springfield USA",
    "items": [
        {
            "item_name_brand_size": "Aero Form Z131|Balenciaga|45",
            "item_barcode": "0887551590248",
            "item_quantity": "9",
            "price_ind": "243.99",
            "total_value": "2195.91",
            "item_vat": "0.23",
            "currency": "EUR"
        },
        {
            "item_name_brand_size": "Core Trail LT153|Merrell|39",
            "item_barcode": "4848388168433",
            "item_quantity": "1",
            "price_ind": "259.99",
            "total_value": "259.99",
            "item_vat": "0.23",
            "currency": "EUR"
        }
    ],
    "value_sum": "2455.90",
    "currency": "{'EUR'}",
    "cash_reg_id": "CASHREG1983e14d-68f3-42df-ba29-b22b6e924551"
}