{
    "receipt_id": "GR-2025-06-23;12:28:39-86",
    "receipt_barcode": "44694395",
    "receipt_date": "2025-06-23;12:28:39",
    "vendor_vat": "123-456-7890",
    "vendor_name": "Acme Corp",
    "vendor_address": "Main St 123 Springfield USA",
    "items": [
        {
            "item_name_brand_size": "Dynamic Dash X127|Vans|37",
            "item_barcode": "9505152565496",
            "item_quantity": "1",
            "price_ind": "220.99",
            "total_value": "220.99",
            "item_vat": "0.23",
            "currency": "EUR"
        },
        {
            "item_name_brand_size": "Storm Blaze Z139|HOKA ONE ONE|40",
            "item_barcode": "5660390941298",
            "item_quantity": "8",
            "price_ind": "129.99",
            "total_value": "1039.92",
            "item_vat": "0.23",
            "currency": "EUR"
        }
    ],
    "value_sum": "1260.91",
    "currency": "{'EUR'}",
    "cash_reg_id": "CASHREGc29ac9e7-95b1-4867-893a-6c8dd16b3b33"
}