<?xml version='1.0' encoding='utf-8'?>
<Receipt>
	<ReceiptID>GR-2025-06-23;12:21:07-57</ReceiptID>
	<ReceiptBarcode>17567664</ReceiptBarcode>
	<ReceiptDate>2025-06-23;12:21:07</ReceiptDate>
	<VendorVAT>123-456-7890</VendorVAT>
	<VendorName>Acme Corp</VendorName>
	<VendorAddress>Main St 123 Springfield USA</VendorAddress>
	<Items>
		<Item>
			<item_name_brand_size>Storm Flow LT123|Nike|41</item_name_brand_size>
			<item_barcode>9431206112555</item_barcode>
			<item_quantity>5</item_quantity>
			<price_ind>309.99</price_ind>
			<total_value>1549.95</total_value>
			<item_vat>0.23</item_vat>
			<currency>EUR</currency>
		</Item>
		<Item>
			<item_name_brand_size>Swift Zoom X164|Birkenstock|40</item_name_brand_size>
			<item_barcode>8975807136783</item_barcode>
			<item_quantity>1</item_quantity>
			<price_ind>312.99</price_ind>
			<total_value>312.99</total_value>
			<item_vat>0.23</item_vat>
			<currency>EUR</currency>
		</Item>
		<Item>
			<item_name_brand_size>Dynamic Track X174|New Balance|39</item_name_brand_size>
			<item_barcode>7189119835260</item_barcode>
			<item_quantity>1</item_quantity>
			<price_ind>386.99</price_ind>
			<total_value>386.99</total_value>
			<item_vat>0.23</item_vat>
			<currency>EUR</currency>
		</Item>
	</Items>
	<ValueSum>2249.93</ValueSum>
	<Currency>{'EUR'}</Currency>
	<CashRegisterID>CASHREGf9d746bb-4c77-4f88-bc2d-21fb6c929ea4</CashRegisterID>
</Receipt>