{
    "receipt_id": "GR-2025-06-23;12:23:38-66",
    "receipt_barcode": "34995860",
    "receipt_date": "2025-06-23;12:23:38",
    "vendor_vat": "123-456-7890",
    "vendor_name": "Acme Corp",
    "vendor_address": "Main St 123 Springfield USA",
    "items": [
        {
            "item_name_brand_size": "Ultra Trail Z152|Salomon|38",
            "item_barcode": "3673146232658",
            "item_quantity": "1",
            "price_ind": "204.99",
            "total_value": "204.99",
            "item_vat": "0.23",
            "currency": "EUR"
        }
    ],
    "value_sum": "204.99",
    "currency": "{'EUR'}",
    "cash_reg_id": "CASHREG58df37eb-8126-4423-b33b-f28fdcf69e8a"
}