{
    "receipt_id": "GR-2025-06-23;12:30:10-93",
    "receipt_barcode": "34174852",
    "receipt_date": "2025-06-23;12:30:10",
    "vendor_vat": "123-456-7890",
    "vendor_name": "Acme Corp",
    "vendor_address": "Main St 123 Springfield USA",
    "items": [
        {
            "item_name_brand_size": "Ultra Trail Z152|Salomon|37",
            "item_barcode": "0256518117765",
            "item_quantity": "1",
            "price_ind": "204.99",
            "total_value": "204.99",
            "item_vat": "0.23",
            "currency": "EUR"
        }
    ],
    "value_sum": "204.99",
    "currency": "{'EUR'}",
    "cash_reg_id": "CASHREGf11cd095-25df-41de-8a1e-326a0997a6f4"
}