<?xml version='1.0' encoding='utf-8'?>
<Receipt>
	<ReceiptID>GR-2025-06-23;12:27:19-82</ReceiptID>
	<ReceiptBarcode>30309142</ReceiptBarcode>
	<ReceiptDate>2025-06-23;12:27:19</ReceiptDate>
	<VendorVAT>123-456-7890</VendorVAT>
	<VendorName>Acme Corp</VendorName>
	<VendorAddress>Main St 123 Springfield USA</VendorAddress>
	<Items>
		<Item>
			<item_name_brand_size>Pro Dash GT112|Gucci|36</item_name_brand_size>
			<item_barcode>7619730726901</item_barcode>
			<item_quantity>4</item_quantity>
			<price_ind>349.99</price_ind>
			<total_value>1399.96</total_value>
			<item_vat>0.23</item_vat>
			<currency>EUR</currency>
		</Item>
		<Item>
			<item_name_brand_size>Elite Pulse LT161|Adidas|38</item_name_brand_size>
			<item_barcode>7166019579517</item_barcode>
			<item_quantity>3</item_quantity>
			<price_ind>273.99</price_ind>
			<total_value>821.97</total_value>
			<item_vat>0.23</item_vat>
			<currency>EUR</currency>
		</Item>
	</Items>
	<ValueSum>2221.93</ValueSum>
	<Currency>{'EUR'}</Currency>
	<CashRegisterID>CASHREG36e97063-55ee-4b83-b0f6-f51b00edbdd5</CashRegisterID>
</Receipt>