{
    "receipt_id": "GR-2025-06-23;12:22:58-63",
    "receipt_barcode": "90162947",
    "receipt_date": "2025-06-23;12:22:58",
    "vendor_vat": "123-456-7890",
    "vendor_name": "Acme Corp",
    "vendor_address": "Main St 123 Springfield USA",
    "items": [
        {
            "item_name_brand_size": "Active Runner Z137|Timberland|45",
            "item_barcode": "6316295249944",
            "item_quantity": "4",
            "price_ind": "399.99",
            "total_value": "1599.96",
            "item_vat": "0.23",
            "currency": "EUR"
        },
        {
            "item_name_brand_size": "True Zoom V131|HOKA ONE ONE|43",
            "item_barcode": "5118973290405",
            "item_quantity": "2",
            "price_ind": "324.99",
            "total_value": "649.98",
            "item_vat": "0.23",
            "currency": "EUR"
        }
    ],
    "value_sum": "2249.94",
    "currency": "{'EUR'}",
    "cash_reg_id": "CASHREG1546f4be-c18e-4b06-afbf-80d4efce3074"
}