<?xml version='1.0' encoding='utf-8'?>
<Receipt>
	<ReceiptID>GR-2025-06-23;12:20:57-56</ReceiptID>
	<ReceiptBarcode>23825222</ReceiptBarcode>
	<ReceiptDate>2025-06-23;12:20:57</ReceiptDate>
	<VendorVAT>123-456-7890</VendorVAT>
	<VendorName>Acme Corp</VendorName>
	<VendorAddress>Main St 123 Springfield USA</VendorAddress>
	<Items>
		<Item>
			<item_name_brand_size>Power Step X152|Nike|45</item_name_brand_size>
			<item_barcode>6917396452686</item_barcode>
			<item_quantity>1</item_quantity>
			<price_ind>268.99</price_ind>
			<total_value>268.99</total_value>
			<item_vat>0.23</item_vat>
			<currency>EUR</currency>
		</Item>
	</Items>
	<ValueSum>268.99</ValueSum>
	<Currency>{'EUR'}</Currency>
	<CashRegisterID>CASHREGbf0bdd79-a320-45ee-955b-b22396796b70</CashRegisterID>
</Receipt>