<?xml version='1.0' encoding='utf-8'?>
<Receipt>
	<ReceiptID>GR-2025-06-23;12:25:38-75</ReceiptID>
	<ReceiptBarcode>65997390</ReceiptBarcode>
	<ReceiptDate>2025-06-23;12:25:38</ReceiptDate>
	<VendorVAT>123-456-7890</VendorVAT>
	<VendorName>Acme Corp</VendorName>
	<VendorAddress>Main St 123 Springfield USA</VendorAddress>
	<Items>
		<Item>
			<item_name_brand_size>Max Stride GT125|Clarks|40</item_name_brand_size>
			<item_barcode>0720195443429</item_barcode>
			<item_quantity>1</item_quantity>
			<price_ind>416.99</price_ind>
			<total_value>416.99</total_value>
			<item_vat>0.23</item_vat>
			<currency>EUR</currency>
		</Item>
		<Item>
			<item_name_brand_size>Storm Form FX191|Adidas|43</item_name_brand_size>
			<item_barcode>1047785625553</item_barcode>
			<item_quantity>8</item_quantity>
			<price_ind>253.99</price_ind>
			<total_value>2031.92</total_value>
			<item_vat>0.23</item_vat>
			<currency>EUR</currency>
		</Item>
	</Items>
	<ValueSum>2448.91</ValueSum>
	<Currency>{'EUR'}</Currency>
	<CashRegisterID>CASHREGf177ae90-0d6c-4444-8869-38e5948b4826</CashRegisterID>
</Receipt>