{
    "receipt_id": "GR-2025-06-23;12:24:48-71",
    "receipt_barcode": "24268394",
    "receipt_date": "2025-06-23;12:24:48",
    "vendor_vat": "123-456-7890",
    "vendor_name": "Acme Corp",
    "vendor_address": "Main St 123 Springfield USA",
    "items": [
        {
            "item_name_brand_size": "Ultra Trail LT111|Gucci|36",
            "item_barcode": "4829691594706",
            "item_quantity": "1",
            "price_ind": "191.99",
            "total_value": "191.99",
            "item_vat": "0.23",
            "currency": "EUR"
        }
    ],
    "value_sum": "191.99",
    "currency": "{'EUR'}",
    "cash_reg_id": "CASHREGb786703d-584a-4950-a77b-7668abc55046"
}