{
    "receipt_id": "GR-2025-06-23;12:20:57-56",
    "receipt_barcode": "23825222",
    "receipt_date": "2025-06-23;12:20:57",
    "vendor_vat": "123-456-7890",
    "vendor_name": "Acme Corp",
    "vendor_address": "Main St 123 Springfield USA",
    "items": [
        {
            "item_name_brand_size": "Power Step X152|Nike|45",
            "item_barcode": "6917396452686",
            "item_quantity": "1",
            "price_ind": "268.99",
            "total_value": "268.99",
            "item_vat": "0.23",
            "currency": "EUR"
        }
    ],
    "value_sum": "268.99",
    "currency": "{'EUR'}",
    "cash_reg_id": "CASHREGbf0bdd79-a320-45ee-955b-b22396796b70"
}