<?xml version='1.0' encoding='utf-8'?>
<Receipt>
	<ReceiptID>GR-2025-06-23;12:26:19-77</ReceiptID>
	<ReceiptBarcode>75883058</ReceiptBarcode>
	<ReceiptDate>2025-06-23;12:26:19</ReceiptDate>
	<VendorVAT>123-456-7890</VendorVAT>
	<VendorName>Acme Corp</VendorName>
	<VendorAddress>Main St 123 Springfield USA</VendorAddress>
	<Items>
		<Item>
			<item_name_brand_size>Pro Boost GT132|Balenciaga|46</item_name_brand_size>
			<item_barcode>9656633361066</item_barcode>
			<item_quantity>1</item_quantity>
			<price_ind>359.99</price_ind>
			<total_value>359.99</total_value>
			<item_vat>0.23</item_vat>
			<currency>EUR</currency>
		</Item>
	</Items>
	<ValueSum>359.99</ValueSum>
	<Currency>{'EUR'}</Currency>
	<CashRegisterID>CASHREG820d5b4b-e518-46c5-be59-6e12db57a747</CashRegisterID>
</Receipt>