<?xml version='1.0' encoding='utf-8'?>
<Receipt>
	<ReceiptID>GR-2025-06-23;12:28:09-84</ReceiptID>
	<ReceiptBarcode>16434516</ReceiptBarcode>
	<ReceiptDate>2025-06-23;12:28:09</ReceiptDate>
	<VendorVAT>123-456-7890</VendorVAT>
	<VendorName>Acme Corp</VendorName>
	<VendorAddress>Main St 123 Springfield USA</VendorAddress>
	<Items>
		<Item>
			<item_name_brand_size>Pro Boost FX101|Reebok|38</item_name_brand_size>
			<item_barcode>1179267969531</item_barcode>
			<item_quantity>2</item_quantity>
			<price_ind>396.99</price_ind>
			<total_value>793.98</total_value>
			<item_vat>0.23</item_vat>
			<currency>EUR</currency>
		</Item>
	</Items>
	<ValueSum>793.98</ValueSum>
	<Currency>{'EUR'}</Currency>
	<CashRegisterID>CASHREG5f73d480-d5d3-42f7-8e81-34a9efd4fa6e</CashRegisterID>
</Receipt>