{
    "receipt_id": "GR-2025-06-23;12:23:08-64",
    "receipt_barcode": "59475149",
    "receipt_date": "2025-06-23;12:23:08",
    "vendor_vat": "123-456-7890",
    "vendor_name": "Acme Corp",
    "vendor_address": "Main St 123 Springfield USA",
    "items": [
        {
            "item_name_brand_size": "Power Blast GT168|Converse|46",
            "item_barcode": "3772690335805",
            "item_quantity": "1",
            "price_ind": "221.99",
            "total_value": "221.99",
            "item_vat": "0.23",
            "currency": "EUR"
        }
    ],
    "value_sum": "221.99",
    "currency": "{'EUR'}",
    "cash_reg_id": "CASHREG4c3abfdb-13a1-46f5-9250-6e2d1c6c5ba5"
}