<?xml version='1.0' encoding='utf-8'?>
<Receipt>
	<ReceiptID>GR-2025-06-23;12:24:58-72</ReceiptID>
	<ReceiptBarcode>18214796</ReceiptBarcode>
	<ReceiptDate>2025-06-23;12:24:58</ReceiptDate>
	<VendorVAT>123-456-7890</VendorVAT>
	<VendorName>Acme Corp</VendorName>
	<VendorAddress>Main St 123 Springfield USA</VendorAddress>
	<Items>
		<Item>
			<item_name_brand_size>Fusion Boost FX121|Balenciaga|46</item_name_brand_size>
			<item_barcode>9959818337352</item_barcode>
			<item_quantity>1</item_quantity>
			<price_ind>417.99</price_ind>
			<total_value>417.99</total_value>
			<item_vat>0.23</item_vat>
			<currency>EUR</currency>
		</Item>
	</Items>
	<ValueSum>417.99</ValueSum>
	<Currency>{'EUR'}</Currency>
	<CashRegisterID>CASHREG4c3d1320-d85a-40a6-9099-5209d6e0636c</CashRegisterID>
</Receipt>