{
    "receipt_id": "GR-2025-06-23;12:26:49-79",
    "receipt_barcode": "52603693",
    "receipt_date": "2025-06-23;12:26:49",
    "vendor_vat": "123-456-7890",
    "vendor_name": "Acme Corp",
    "vendor_address": "Main St 123 Springfield USA",
    "items": [
        {
            "item_name_brand_size": "Flex Grip X133|Adidas|37",
            "item_barcode": "1586070269763",
            "item_quantity": "7",
            "price_ind": "293.99",
            "total_value": "2057.93",
            "item_vat": "0.23",
            "currency": "EUR"
        },
        {
            "item_name_brand_size": "Swift Pulse Z177|Vans|39",
            "item_barcode": "3099904061399",
            "item_quantity": "7",
            "price_ind": "294.99",
            "total_value": "2064.93",
            "item_vat": "0.23",
            "currency": "EUR"
        }
    ],
    "value_sum": "4122.86",
    "currency": "{'EUR'}",
    "cash_reg_id": "CASHREG12e88163-ed5a-449e-bb75-edda7c345310"
}