{
    "receipt_id": "GR-2025-06-23;12:24:28-70",
    "receipt_barcode": "64825847",
    "receipt_date": "2025-06-23;12:24:28",
    "vendor_vat": "123-456-7890",
    "vendor_name": "Acme Corp",
    "vendor_address": "Main St 123 Springfield USA",
    "items": [
        {
            "item_name_brand_size": "Core Blaze LT182|Nike|36",
            "item_barcode": "3965841559667",
            "item_quantity": "1",
            "price_ind": "251.99",
            "total_value": "251.99",
            "item_vat": "0.23",
            "currency": "EUR"
        },
        {
            "item_name_brand_size": "Elite Pulse LT161|Adidas|44",
            "item_barcode": "4360511879288",
            "item_quantity": "1",
            "price_ind": "273.99",
            "total_value": "273.99",
            "item_vat": "0.23",
            "currency": "EUR"
        },
        {
            "item_name_brand_size": "Ultra Track HD102|Gucci|44",
            "item_barcode": "9149373161497",
            "item_quantity": "3",
            "price_ind": "379.99",
            "total_value": "1139.97",
            "item_vat": "0.23",
            "currency": "EUR"
        },
        {
            "item_name_brand_size": "Ultra Trail LT111|Gucci|36",
            "item_barcode": "4829691594706",
            "item_quantity": "1",
            "price_ind": "191.99",
            "total_value": "191.99",
            "item_vat": "0.23",
            "currency": "EUR"
        }
    ],
    "value_sum": "1857.94",
    "currency": "{'EUR'}",
    "cash_reg_id": "CASHREGd87adae8-01a6-480e-b3fb-1d6ef6cdef3d"
}