{
    "receipt_id": "GR-2025-06-23;12:20:07-54",
    "receipt_barcode": "72219263",
    "receipt_date": "2025-06-23;12:20:07",
    "vendor_vat": "123-456-7890",
    "vendor_name": "Acme Corp",
    "vendor_address": "Main St 123 Springfield USA",
    "items": [
        {
            "item_name_brand_size": "Fusion Stride FX155|Merrell|37",
            "item_barcode": "2179794480256",
            "item_quantity": "1",
            "price_ind": "309.99",
            "total_value": "309.99",
            "item_vat": "0.23",
            "currency": "EUR"
        },
        {
            "item_name_brand_size": "Swift Grip M193|ASICS|36",
            "item_barcode": "6216259893599",
            "item_quantity": "4",
            "price_ind": "283.99",
            "total_value": "1135.96",
            "item_vat": "0.23",
            "currency": "EUR"
        }
    ],
    "value_sum": "1445.95",
    "currency": "{'EUR'}",
    "cash_reg_id": "CASHREG55be9257-fc0d-45ee-b1e3-70d1fc88fb38"
}