{
    "receipt_id": "GR-2025-06-23;12:26:19-77",
    "receipt_barcode": "75883058",
    "receipt_date": "2025-06-23;12:26:19",
    "vendor_vat": "123-456-7890",
    "vendor_name": "Acme Corp",
    "vendor_address": "Main St 123 Springfield USA",
    "items": [
        {
            "item_name_brand_size": "Pro Boost GT132|Balenciaga|46",
            "item_barcode": "9656633361066",
            "item_quantity": "1",
            "price_ind": "359.99",
            "total_value": "359.99",
            "item_vat": "0.23",
            "currency": "EUR"
        }
    ],
    "value_sum": "359.99",
    "currency": "{'EUR'}",
    "cash_reg_id": "CASHREG820d5b4b-e518-46c5-be59-6e12db57a747"
}