{
    "receipt_id": "GR-2025-06-23;12:22:07-60",
    "receipt_barcode": "29571673",
    "receipt_date": "2025-06-23;12:22:07",
    "vendor_vat": "123-456-7890",
    "vendor_name": "Acme Corp",
    "vendor_address": "Main St 123 Springfield USA",
    "items": [
        {
            "item_name_brand_size": "Max Pulse Z170|Salomon|41",
            "item_barcode": "5489618680890",
            "item_quantity": "9",
            "price_ind": "320.99",
            "total_value": "2888.91",
            "item_vat": "0.23",
            "currency": "EUR"
        },
        {
            "item_name_brand_size": "Hyper Dash V126|Vans|38",
            "item_barcode": "2860794556446",
            "item_quantity": "1",
            "price_ind": "330.99",
            "total_value": "330.99",
            "item_vat": "0.23",
            "currency": "EUR"
        }
    ],
    "value_sum": "3219.90",
    "currency": "{'EUR'}",
    "cash_reg_id": "CASHREG00e0326b-c912-4cbb-a9b7-cc3f3efa755f"
}