<?xml version='1.0' encoding='utf-8'?>
<Receipt>
	<ReceiptID>GR-2025-06-23;12:24:08-69</ReceiptID>
	<ReceiptBarcode>99060046</ReceiptBarcode>
	<ReceiptDate>2025-06-23;12:24:08</ReceiptDate>
	<VendorVAT>123-456-7890</VendorVAT>
	<VendorName>Acme Corp</VendorName>
	<VendorAddress>Main St 123 Springfield USA</VendorAddress>
	<Items>
		<Item>
			<item_name_brand_size>Active Form TX180|Clarks|43</item_name_brand_size>
			<item_barcode>9179703281687</item_barcode>
			<item_quantity>1</item_quantity>
			<price_ind>289.99</price_ind>
			<total_value>289.99</total_value>
			<item_vat>0.23</item_vat>
			<currency>EUR</currency>
		</Item>
	</Items>
	<ValueSum>289.99</ValueSum>
	<Currency>{'EUR'}</Currency>
	<CashRegisterID>CASHREG7af23a07-b2a9-477a-9238-c2dc572f95c3</CashRegisterID>
</Receipt>