{
    "receipt_id": "GR-2025-06-23;12:28:59-88",
    "receipt_barcode": "43968961",
    "receipt_date": "2025-06-23;12:28:59",
    "vendor_vat": "123-456-7890",
    "vendor_name": "Acme Corp",
    "vendor_address": "Main St 123 Springfield USA",
    "items": [
        {
            "item_name_brand_size": "Swift Dash XR116|Timberland|36",
            "item_barcode": "9017690000068",
            "item_quantity": "1",
            "price_ind": "343.99",
            "total_value": "343.99",
            "item_vat": "0.23",
            "currency": "EUR"
        },
        {
            "item_name_brand_size": "Core Zoom X135|Adidas|41",
            "item_barcode": "1116915011631",
            "item_quantity": "1",
            "price_ind": "330.99",
            "total_value": "330.99",
            "item_vat": "0.23",
            "currency": "EUR"
        },
        {
            "item_name_brand_size": "Quantum Stride XR127|New Balance|38",
            "item_barcode": "7301782287676",
            "item_quantity": "1",
            "price_ind": "260.99",
            "total_value": "260.99",
            "item_vat": "0.23",
            "currency": "EUR"
        }
    ],
    "value_sum": "935.97",
    "currency": "{'EUR'}",
    "cash_reg_id": "CASHREG1bfa3756-13df-475a-a20f-dc25b7e751e8"
}