{
    "receipt_id": "GR-2025-06-23;12:28:49-87",
    "receipt_barcode": "37138097",
    "receipt_date": "2025-06-23;12:28:49",
    "vendor_vat": "123-456-7890",
    "vendor_name": "Acme Corp",
    "vendor_address": "Main St 123 Springfield USA",
    "items": [
        {
            "item_name_brand_size": "Speed Blast TX132|Skechers|37",
            "item_barcode": "3056067386424",
            "item_quantity": "3",
            "price_ind": "340.99",
            "total_value": "1022.97",
            "item_vat": "0.23",
            "currency": "EUR"
        },
        {
            "item_name_brand_size": "Pro Track HD135|ASICS|44",
            "item_barcode": "1997956391889",
            "item_quantity": "4",
            "price_ind": "215.99",
            "total_value": "863.96",
            "item_vat": "0.23",
            "currency": "EUR"
        },
        {
            "item_name_brand_size": "Core Zoom GT155|Adidas|44",
            "item_barcode": "3541397639017",
            "item_quantity": "1",
            "price_ind": "297.99",
            "total_value": "297.99",
            "item_vat": "0.23",
            "currency": "EUR"
        },
        {
            "item_name_brand_size": "Fusion Blast V184|Adidas|41",
            "item_barcode": "3651603919243",
            "item_quantity": "3",
            "price_ind": "256.99",
            "total_value": "770.97",
            "item_vat": "0.23",
            "currency": "EUR"
        },
        {
            "item_name_brand_size": "True Dash XR105|Clarks|39",
            "item_barcode": "2630675740154",
            "item_quantity": "6",
            "price_ind": "362.99",
            "total_value": "2177.94",
            "item_vat": "0.23",
            "currency": "EUR"
        },
        {
            "item_name_brand_size": "Swift Pulse Z177|Vans|44",
            "item_barcode": "7401357854613",
            "item_quantity": "1",
            "price_ind": "294.99",
            "total_value": "294.99",
            "item_vat": "0.23",
            "currency": "EUR"
        }
    ],
    "value_sum": "5428.82",
    "currency": "{'EUR'}",
    "cash_reg_id": "CASHREG4ce9121a-96e8-4fd7-a706-6c060441840f"
}