{
    "receipt_id": "GR-2025-06-23;12:29:09-89",
    "receipt_barcode": "48137522",
    "receipt_date": "2025-06-23;12:29:09",
    "vendor_vat": "123-456-7890",
    "vendor_name": "Acme Corp",
    "vendor_address": "Main St 123 Springfield USA",
    "items": [
        {
            "item_name_brand_size": "Active Boost X101|Reebok|42",
            "item_barcode": "9881117865802",
            "item_quantity": "4",
            "price_ind": "381.99",
            "total_value": "1527.96",
            "item_vat": "0.23",
            "currency": "EUR"
        },
        {
            "item_name_brand_size": "Power Track X142|New Balance|45",
            "item_barcode": "6799715527301",
            "item_quantity": "1",
            "price_ind": "304.99",
            "total_value": "304.99",
            "item_vat": "0.23",
            "currency": "EUR"
        },
        {
            "item_name_brand_size": "Hyper Stride Z199|Birkenstock|38",
            "item_barcode": "5121333685711",
            "item_quantity": "5",
            "price_ind": "252.99",
            "total_value": "1264.95",
            "item_vat": "0.23",
            "currency": "EUR"
        },
        {
            "item_name_brand_size": "Swift Pulse Z177|Vans|38",
            "item_barcode": "4782630129851",
            "item_quantity": "1",
            "price_ind": "294.99",
            "total_value": "294.99",
            "item_vat": "0.23",
            "currency": "EUR"
        }
    ],
    "value_sum": "3392.89",
    "currency": "{'EUR'}",
    "cash_reg_id": "CASHREG4c640915-694a-444a-b9df-da57c85967b5"
}