{
    "receipt_id": "GR-2025-06-23;12:23:48-67",
    "receipt_barcode": "45459559",
    "receipt_date": "2025-06-23;12:23:48",
    "vendor_vat": "123-456-7890",
    "vendor_name": "Acme Corp",
    "vendor_address": "Main St 123 Springfield USA",
    "items": [
        {
            "item_name_brand_size": "Speed Dash M118|Adidas|40",
            "item_barcode": "9385512206661",
            "item_quantity": "1",
            "price_ind": "276.99",
            "total_value": "276.99",
            "item_vat": "0.23",
            "currency": "EUR"
        }
    ],
    "value_sum": "276.99",
    "currency": "{'EUR'}",
    "cash_reg_id": "CASHREG54a9acbe-a858-4c22-927c-4de484afb147"
}