<?xml version='1.0' encoding='utf-8'?>
<Receipt>
	<ReceiptID>GR-2025-06-23;12:24:28-70</ReceiptID>
	<ReceiptBarcode>64825847</ReceiptBarcode>
	<ReceiptDate>2025-06-23;12:24:28</ReceiptDate>
	<VendorVAT>123-456-7890</VendorVAT>
	<VendorName>Acme Corp</VendorName>
	<VendorAddress>Main St 123 Springfield USA</VendorAddress>
	<Items>
		<Item>
			<item_name_brand_size>Core Blaze LT182|Nike|36</item_name_brand_size>
			<item_barcode>3965841559667</item_barcode>
			<item_quantity>1</item_quantity>
			<price_ind>251.99</price_ind>
			<total_value>251.99</total_value>
			<item_vat>0.23</item_vat>
			<currency>EUR</currency>
		</Item>
		<Item>
			<item_name_brand_size>Elite Pulse LT161|Adidas|44</item_name_brand_size>
			<item_barcode>4360511879288</item_barcode>
			<item_quantity>1</item_quantity>
			<price_ind>273.99</price_ind>
			<total_value>273.99</total_value>
			<item_vat>0.23</item_vat>
			<currency>EUR</currency>
		</Item>
		<Item>
			<item_name_brand_size>Ultra Track HD102|Gucci|44</item_name_brand_size>
			<item_barcode>9149373161497</item_barcode>
			<item_quantity>3</item_quantity>
			<price_ind>379.99</price_ind>
			<total_value>1139.97</total_value>
			<item_vat>0.23</item_vat>
			<currency>EUR</currency>
		</Item>
		<Item>
			<item_name_brand_size>Ultra Trail LT111|Gucci|36</item_name_brand_size>
			<item_barcode>4829691594706</item_barcode>
			<item_quantity>1</item_quantity>
			<price_ind>191.99</price_ind>
			<total_value>191.99</total_value>
			<item_vat>0.23</item_vat>
			<currency>EUR</currency>
		</Item>
	</Items>
	<ValueSum>1857.94</ValueSum>
	<Currency>{'EUR'}</Currency>
	<CashRegisterID>CASHREGd87adae8-01a6-480e-b3fb-1d6ef6cdef3d</CashRegisterID>
</Receipt>