<?xml version='1.0' encoding='utf-8'?>
<Receipt>
	<ReceiptID>GR-2025-06-23;12:22:28-61</ReceiptID>
	<ReceiptBarcode>79414203</ReceiptBarcode>
	<ReceiptDate>2025-06-23;12:22:28</ReceiptDate>
	<VendorVAT>123-456-7890</VendorVAT>
	<VendorName>Acme Corp</VendorName>
	<VendorAddress>Main St 123 Springfield USA</VendorAddress>
	<Items>
		<Item>
			<item_name_brand_size>True Zoom V131|HOKA ONE ONE|41</item_name_brand_size>
			<item_barcode>0666465766501</item_barcode>
			<item_quantity>4</item_quantity>
			<price_ind>324.99</price_ind>
			<total_value>1299.96</total_value>
			<item_vat>0.23</item_vat>
			<currency>EUR</currency>
		</Item>
	</Items>
	<ValueSum>1299.96</ValueSum>
	<Currency>{'EUR'}</Currency>
	<CashRegisterID>CASHREGa7912032-a962-48fc-882e-a431e356da09</CashRegisterID>
</Receipt>