<?xml version='1.0' encoding='utf-8'?>
<Receipt>
	<ReceiptID>GR-2025-06-23;12:23:58-68</ReceiptID>
	<ReceiptBarcode>17809054</ReceiptBarcode>
	<ReceiptDate>2025-06-23;12:23:58</ReceiptDate>
	<VendorVAT>123-456-7890</VendorVAT>
	<VendorName>Acme Corp</VendorName>
	<VendorAddress>Main St 123 Springfield USA</VendorAddress>
	<Items>
		<Item>
			<item_name_brand_size>Aero Track M114|Brooks|41</item_name_brand_size>
			<item_barcode>6702681795124</item_barcode>
			<item_quantity>1</item_quantity>
			<price_ind>321.99</price_ind>
			<total_value>321.99</total_value>
			<item_vat>0.23</item_vat>
			<currency>EUR</currency>
		</Item>
		<Item>
			<item_name_brand_size>Fusion Flow HD185|Skechers|40</item_name_brand_size>
			<item_barcode>9187906514129</item_barcode>
			<item_quantity>2</item_quantity>
			<price_ind>325.99</price_ind>
			<total_value>651.98</total_value>
			<item_vat>0.23</item_vat>
			<currency>EUR</currency>
		</Item>
	</Items>
	<ValueSum>973.97</ValueSum>
	<Currency>{'EUR'}</Currency>
	<CashRegisterID>CASHREGf747def8-b9e2-4d34-8fbf-0e32646324fd</CashRegisterID>
</Receipt>