<?xml version='1.0' encoding='utf-8'?>
<Receipt>
	<ReceiptID>GR-2025-06-23;12:23:08-64</ReceiptID>
	<ReceiptBarcode>59475149</ReceiptBarcode>
	<ReceiptDate>2025-06-23;12:23:08</ReceiptDate>
	<VendorVAT>123-456-7890</VendorVAT>
	<VendorName>Acme Corp</VendorName>
	<VendorAddress>Main St 123 Springfield USA</VendorAddress>
	<Items>
		<Item>
			<item_name_brand_size>Power Blast GT168|Converse|46</item_name_brand_size>
			<item_barcode>3772690335805</item_barcode>
			<item_quantity>1</item_quantity>
			<price_ind>221.99</price_ind>
			<total_value>221.99</total_value>
			<item_vat>0.23</item_vat>
			<currency>EUR</currency>
		</Item>
	</Items>
	<ValueSum>221.99</ValueSum>
	<Currency>{'EUR'}</Currency>
	<CashRegisterID>CASHREG4c3abfdb-13a1-46f5-9250-6e2d1c6c5ba5</CashRegisterID>
</Receipt>