{
    "receipt_id": "GR-2025-06-23;12:27:09-81",
    "receipt_barcode": "07528569",
    "receipt_date": "2025-06-23;12:27:09",
    "vendor_vat": "123-456-7890",
    "vendor_name": "Acme Corp",
    "vendor_address": "Main St 123 Springfield USA",
    "items": [
        {
            "item_name_brand_size": "Max Stride TX148|Skechers|39",
            "item_barcode": "8990122754139",
            "item_quantity": "2",
            "price_ind": "337.99",
            "total_value": "675.98",
            "item_vat": "0.23",
            "currency": "EUR"
        },
        {
            "item_name_brand_size": "Aero Track M114|Brooks|36",
            "item_barcode": "8308759283340",
            "item_quantity": "6",
            "price_ind": "321.99",
            "total_value": "1931.94",
            "item_vat": "0.23",
            "currency": "EUR"
        }
    ],
    "value_sum": "2607.92",
    "currency": "{'EUR'}",
    "cash_reg_id": "CASHREGe7f40845-ed55-4584-abc3-4ed575fcda23"
}