<?xml version='1.0' encoding='utf-8'?>
<Receipt>
	<ReceiptID>GR-2025-06-23;12:26:39-78</ReceiptID>
	<ReceiptBarcode>02004266</ReceiptBarcode>
	<ReceiptDate>2025-06-23;12:26:39</ReceiptDate>
	<VendorVAT>123-456-7890</VendorVAT>
	<VendorName>Acme Corp</VendorName>
	<VendorAddress>Main St 123 Springfield USA</VendorAddress>
	<Items>
		<Item>
			<item_name_brand_size>Pro Lift XR142|Balenciaga|41</item_name_brand_size>
			<item_barcode>6481004306765</item_barcode>
			<item_quantity>1</item_quantity>
			<price_ind>232.99</price_ind>
			<total_value>232.99</total_value>
			<item_vat>0.23</item_vat>
			<currency>EUR</currency>
		</Item>
	</Items>
	<ValueSum>232.99</ValueSum>
	<Currency>{'EUR'}</Currency>
	<CashRegisterID>CASHREG227dd0c2-10c5-48c5-8279-4f483f905e7c</CashRegisterID>
</Receipt>