{
    "receipt_id": "GR-2025-06-23;12:25:48-76",
    "receipt_barcode": "08531377",
    "receipt_date": "2025-06-23;12:25:48",
    "vendor_vat": "123-456-7890",
    "vendor_name": "Acme Corp",
    "vendor_address": "Main St 123 Springfield USA",
    "items": [
        {
            "item_name_brand_size": "Core Blaze LT182|Nike|46",
            "item_barcode": "0331401683463",
            "item_quantity": "10",
            "price_ind": "251.99",
            "total_value": "2519.90",
            "item_vat": "0.23",
            "currency": "EUR"
        }
    ],
    "value_sum": "2519.90",
    "currency": "{'EUR'}",
    "cash_reg_id": "CASHREG5813fdb7-94f2-411e-97de-c1e11c144572"
}