{
    "receipt_id": "GR-2025-06-23;12:26:59-80",
    "receipt_barcode": "91562739",
    "receipt_date": "2025-06-23;12:26:59",
    "vendor_vat": "123-456-7890",
    "vendor_name": "Acme Corp",
    "vendor_address": "Main St 123 Springfield USA",
    "items": [
        {
            "item_name_brand_size": "Core Step TX121|ASICS|39",
            "item_barcode": "9863033162975",
            "item_quantity": "2",
            "price_ind": "275.99",
            "total_value": "551.98",
            "item_vat": "0.23",
            "currency": "EUR"
        }
    ],
    "value_sum": "551.98",
    "currency": "{'EUR'}",
    "cash_reg_id": "CASHREG85d753e1-1b69-446b-97a2-dba1e72dbdbd"
}