<?xml version='1.0' encoding='utf-8'?>
<Receipt>
	<ReceiptID>GR-2025-06-23;12:21:17-58</ReceiptID>
	<ReceiptBarcode>06240882</ReceiptBarcode>
	<ReceiptDate>2025-06-23;12:21:17</ReceiptDate>
	<VendorVAT>123-456-7890</VendorVAT>
	<VendorName>Acme Corp</VendorName>
	<VendorAddress>Main St 123 Springfield USA</VendorAddress>
	<Items>
		<Item>
			<item_name_brand_size>Pro Track X146|Balenciaga|40</item_name_brand_size>
			<item_barcode>8162124786344</item_barcode>
			<item_quantity>2</item_quantity>
			<price_ind>333.99</price_ind>
			<total_value>667.98</total_value>
			<item_vat>0.23</item_vat>
			<currency>EUR</currency>
		</Item>
	</Items>
	<ValueSum>667.98</ValueSum>
	<Currency>{'EUR'}</Currency>
	<CashRegisterID>CASHREGe31455f8-9cac-4413-b889-db00ed1d7831</CashRegisterID>
</Receipt>