{
    "receipt_id": "GR-2025-06-23;12:24:58-72",
    "receipt_barcode": "18214796",
    "receipt_date": "2025-06-23;12:24:58",
    "vendor_vat": "123-456-7890",
    "vendor_name": "Acme Corp",
    "vendor_address": "Main St 123 Springfield USA",
    "items": [
        {
            "item_name_brand_size": "Fusion Boost FX121|Balenciaga|46",
            "item_barcode": "9959818337352",
            "item_quantity": "1",
            "price_ind": "417.99",
            "total_value": "417.99",
            "item_vat": "0.23",
            "currency": "EUR"
        }
    ],
    "value_sum": "417.99",
    "currency": "{'EUR'}",
    "cash_reg_id": "CASHREG4c3d1320-d85a-40a6-9099-5209d6e0636c"
}