{
    "receipt_id": "GR-2025-06-23;12:28:09-84",
    "receipt_barcode": "16434516",
    "receipt_date": "2025-06-23;12:28:09",
    "vendor_vat": "123-456-7890",
    "vendor_name": "Acme Corp",
    "vendor_address": "Main St 123 Springfield USA",
    "items": [
        {
            "item_name_brand_size": "Pro Boost FX101|Reebok|38",
            "item_barcode": "1179267969531",
            "item_quantity": "2",
            "price_ind": "396.99",
            "total_value": "793.98",
            "item_vat": "0.23",
            "currency": "EUR"
        }
    ],
    "value_sum": "793.98",
    "currency": "{'EUR'}",
    "cash_reg_id": "CASHREG5f73d480-d5d3-42f7-8e81-34a9efd4fa6e"
}