<?xml version='1.0' encoding='utf-8'?>
<Receipt>
	<ReceiptID>GR-2025-06-23;12:25:08-73</ReceiptID>
	<ReceiptBarcode>30834286</ReceiptBarcode>
	<ReceiptDate>2025-06-23;12:25:08</ReceiptDate>
	<VendorVAT>123-456-7890</VendorVAT>
	<VendorName>Acme Corp</VendorName>
	<VendorAddress>Main St 123 Springfield USA</VendorAddress>
	<Items>
		<Item>
			<item_name_brand_size>Core Zoom X135|Adidas|39</item_name_brand_size>
			<item_barcode>7898404239422</item_barcode>
			<item_quantity>4</item_quantity>
			<price_ind>330.99</price_ind>
			<total_value>1323.96</total_value>
			<item_vat>0.23</item_vat>
			<currency>EUR</currency>
		</Item>
	</Items>
	<ValueSum>1323.96</ValueSum>
	<Currency>{'EUR'}</Currency>
	<CashRegisterID>CASHREG58fce34a-5fa2-42d0-ba9a-cb20f2632d4d</CashRegisterID>
</Receipt>