<?xml version='1.0' encoding='utf-8'?>
<Receipt>
	<ReceiptID>GR-2025-06-23;12:29:09-89</ReceiptID>
	<ReceiptBarcode>48137522</ReceiptBarcode>
	<ReceiptDate>2025-06-23;12:29:09</ReceiptDate>
	<VendorVAT>123-456-7890</VendorVAT>
	<VendorName>Acme Corp</VendorName>
	<VendorAddress>Main St 123 Springfield USA</VendorAddress>
	<Items>
		<Item>
			<item_name_brand_size>Active Boost X101|Reebok|42</item_name_brand_size>
			<item_barcode>9881117865802</item_barcode>
			<item_quantity>4</item_quantity>
			<price_ind>381.99</price_ind>
			<total_value>1527.96</total_value>
			<item_vat>0.23</item_vat>
			<currency>EUR</currency>
		</Item>
		<Item>
			<item_name_brand_size>Power Track X142|New Balance|45</item_name_brand_size>
			<item_barcode>6799715527301</item_barcode>
			<item_quantity>1</item_quantity>
			<price_ind>304.99</price_ind>
			<total_value>304.99</total_value>
			<item_vat>0.23</item_vat>
			<currency>EUR</currency>
		</Item>
		<Item>
			<item_name_brand_size>Hyper Stride Z199|Birkenstock|38</item_name_brand_size>
			<item_barcode>5121333685711</item_barcode>
			<item_quantity>5</item_quantity>
			<price_ind>252.99</price_ind>
			<total_value>1264.95</total_value>
			<item_vat>0.23</item_vat>
			<currency>EUR</currency>
		</Item>
		<Item>
			<item_name_brand_size>Swift Pulse Z177|Vans|38</item_name_brand_size>
			<item_barcode>4782630129851</item_barcode>
			<item_quantity>1</item_quantity>
			<price_ind>294.99</price_ind>
			<total_value>294.99</total_value>
			<item_vat>0.23</item_vat>
			<currency>EUR</currency>
		</Item>
	</Items>
	<ValueSum>3392.89</ValueSum>
	<Currency>{'EUR'}</Currency>
	<CashRegisterID>CASHREG4c640915-694a-444a-b9df-da57c85967b5</CashRegisterID>
</Receipt>