{
    "receipt_id": "GR-2025-06-23;12:25:08-73",
    "receipt_barcode": "30834286",
    "receipt_date": "2025-06-23;12:25:08",
    "vendor_vat": "123-456-7890",
    "vendor_name": "Acme Corp",
    "vendor_address": "Main St 123 Springfield USA",
    "items": [
        {
            "item_name_brand_size": "Core Zoom X135|Adidas|39",
            "item_barcode": "7898404239422",
            "item_quantity": "4",
            "price_ind": "330.99",
            "total_value": "1323.96",
            "item_vat": "0.23",
            "currency": "EUR"
        }
    ],
    "value_sum": "1323.96",
    "currency": "{'EUR'}",
    "cash_reg_id": "CASHREG58fce34a-5fa2-42d0-ba9a-cb20f2632d4d"
}