{
    "receipt_id": "GR-2025-06-23;12:21:17-58",
    "receipt_barcode": "06240882",
    "receipt_date": "2025-06-23;12:21:17",
    "vendor_vat": "123-456-7890",
    "vendor_name": "Acme Corp",
    "vendor_address": "Main St 123 Springfield USA",
    "items": [
        {
            "item_name_brand_size": "Pro Track X146|Balenciaga|40",
            "item_barcode": "8162124786344",
            "item_quantity": "2",
            "price_ind": "333.99",
            "total_value": "667.98",
            "item_vat": "0.23",
            "currency": "EUR"
        }
    ],
    "value_sum": "667.98",
    "currency": "{'EUR'}",
    "cash_reg_id": "CASHREGe31455f8-9cac-4413-b889-db00ed1d7831"
}