{
    "receipt_id": "GR-2025-06-23;12:23:18-65",
    "receipt_barcode": "86903912",
    "receipt_date": "2025-06-23;12:23:18",
    "vendor_vat": "123-456-7890",
    "vendor_name": "Acme Corp",
    "vendor_address": "Main St 123 Springfield USA",
    "items": [
        {
            "item_name_brand_size": "Prime Pulse HD140|Dr. Martens|39",
            "item_barcode": "1077637847161",
            "item_quantity": "12",
            "price_ind": "301.99",
            "total_value": "3623.88",
            "item_vat": "0.23",
            "currency": "EUR"
        }
    ],
    "value_sum": "3623.88",
    "currency": "{'EUR'}",
    "cash_reg_id": "CASHREG840b3991-e9ac-4722-9cb5-94ec127b8daa"
}