{
    "receipt_id": "GR-2025-06-23;12:21:27-59",
    "receipt_barcode": "86211192",
    "receipt_date": "2025-06-23;12:21:27",
    "vendor_vat": "123-456-7890",
    "vendor_name": "Acme Corp",
    "vendor_address": "Main St 123 Springfield USA",
    "items": [
        {
            "item_name_brand_size": "Aero Drive Z183|Balenciaga|44",
            "item_barcode": "8044291295440",
            "item_quantity": "8",
            "price_ind": "292.99",
            "total_value": "2343.92",
            "item_vat": "0.23",
            "currency": "EUR"
        }
    ],
    "value_sum": "2343.92",
    "currency": "{'EUR'}",
    "cash_reg_id": "CASHREG402c3a78-0a3e-4cda-91b8-0ad1dcbe7c95"
}