<?xml version='1.0' encoding='utf-8'?>
<Receipt>
	<ReceiptID>GR-2025-06-23;12:27:49-83</ReceiptID>
	<ReceiptBarcode>06162313</ReceiptBarcode>
	<ReceiptDate>2025-06-23;12:27:49</ReceiptDate>
	<VendorVAT>123-456-7890</VendorVAT>
	<VendorName>Acme Corp</VendorName>
	<VendorAddress>Main St 123 Springfield USA</VendorAddress>
	<Items>
		<Item>
			<item_name_brand_size>Storm Drive LT163|Adidas|46</item_name_brand_size>
			<item_barcode>7788859972701</item_barcode>
			<item_quantity>6</item_quantity>
			<price_ind>282.99</price_ind>
			<total_value>1697.94</total_value>
			<item_vat>0.23</item_vat>
			<currency>EUR</currency>
		</Item>
	</Items>
	<ValueSum>1697.94</ValueSum>
	<Currency>{'EUR'}</Currency>
	<CashRegisterID>CASHREG3904f3e2-8884-4227-b639-347e000511b7</CashRegisterID>
</Receipt>