<?xml version='1.0' encoding='utf-8'?>
<Receipt>
	<ReceiptID>GR-2025-06-23;12:22:48-62</ReceiptID>
	<ReceiptBarcode>39690906</ReceiptBarcode>
	<ReceiptDate>2025-06-23;12:22:48</ReceiptDate>
	<VendorVAT>123-456-7890</VendorVAT>
	<VendorName>Acme Corp</VendorName>
	<VendorAddress>Main St 123 Springfield USA</VendorAddress>
	<Items>
		<Item>
			<item_name_brand_size>Active Runner TX115|ASICS|42</item_name_brand_size>
			<item_barcode>3132429611783</item_barcode>
			<item_quantity>1</item_quantity>
			<price_ind>362.99</price_ind>
			<total_value>362.99</total_value>
			<item_vat>0.23</item_vat>
			<currency>EUR</currency>
		</Item>
	</Items>
	<ValueSum>362.99</ValueSum>
	<Currency>{'EUR'}</Currency>
	<CashRegisterID>CASHREG40c115b0-9964-4048-81e6-cf6f44a2af58</CashRegisterID>
</Receipt>