{
    "receipt_id": "GR-2025-06-23;12:24:08-69",
    "receipt_barcode": "99060046",
    "receipt_date": "2025-06-23;12:24:08",
    "vendor_vat": "123-456-7890",
    "vendor_name": "Acme Corp",
    "vendor_address": "Main St 123 Springfield USA",
    "items": [
        {
            "item_name_brand_size": "Active Form TX180|Clarks|43",
            "item_barcode": "9179703281687",
            "item_quantity": "1",
            "price_ind": "289.99",
            "total_value": "289.99",
            "item_vat": "0.23",
            "currency": "EUR"
        }
    ],
    "value_sum": "289.99",
    "currency": "{'EUR'}",
    "cash_reg_id": "CASHREG7af23a07-b2a9-477a-9238-c2dc572f95c3"
}