<?xml version='1.0' encoding='utf-8'?>
<Receipt>
	<ReceiptID>GR-2025-06-23;12:23:18-65</ReceiptID>
	<ReceiptBarcode>86903912</ReceiptBarcode>
	<ReceiptDate>2025-06-23;12:23:18</ReceiptDate>
	<VendorVAT>123-456-7890</VendorVAT>
	<VendorName>Acme Corp</VendorName>
	<VendorAddress>Main St 123 Springfield USA</VendorAddress>
	<Items>
		<Item>
			<item_name_brand_size>Prime Pulse HD140|Dr. Martens|39</item_name_brand_size>
			<item_barcode>1077637847161</item_barcode>
			<item_quantity>12</item_quantity>
			<price_ind>301.99</price_ind>
			<total_value>3623.88</total_value>
			<item_vat>0.23</item_vat>
			<currency>EUR</currency>
		</Item>
	</Items>
	<ValueSum>3623.88</ValueSum>
	<Currency>{'EUR'}</Currency>
	<CashRegisterID>CASHREG840b3991-e9ac-4722-9cb5-94ec127b8daa</CashRegisterID>
</Receipt>