{
    "receipt_id": "GR-2025-06-23;12:29:50-91",
    "receipt_barcode": "03822401",
    "receipt_date": "2025-06-23;12:29:50",
    "vendor_vat": "123-456-7890",
    "vendor_name": "Acme Corp",
    "vendor_address": "Main St 123 Springfield USA",
    "items": [
        {
            "item_name_brand_size": "Nova Boost M146|HOKA ONE ONE|45",
            "item_barcode": "8833099394888",
            "item_quantity": "3",
            "price_ind": "408.99",
            "total_value": "1226.97",
            "item_vat": "0.23",
            "currency": "EUR"
        }
    ],
    "value_sum": "1226.97",
    "currency": "{'EUR'}",
    "cash_reg_id": "CASHREG969e066d-60a5-430c-8495-2ca556695d35"
}