<?xml version='1.0' encoding='utf-8'?>
<Receipt>
	<ReceiptID>GR-2025-06-23;12:24:48-71</ReceiptID>
	<ReceiptBarcode>24268394</ReceiptBarcode>
	<ReceiptDate>2025-06-23;12:24:48</ReceiptDate>
	<VendorVAT>123-456-7890</VendorVAT>
	<VendorName>Acme Corp</VendorName>
	<VendorAddress>Main St 123 Springfield USA</VendorAddress>
	<Items>
		<Item>
			<item_name_brand_size>Ultra Trail LT111|Gucci|36</item_name_brand_size>
			<item_barcode>4829691594706</item_barcode>
			<item_quantity>1</item_quantity>
			<price_ind>191.99</price_ind>
			<total_value>191.99</total_value>
			<item_vat>0.23</item_vat>
			<currency>EUR</currency>
		</Item>
	</Items>
	<ValueSum>191.99</ValueSum>
	<Currency>{'EUR'}</Currency>
	<CashRegisterID>CASHREGb786703d-584a-4950-a77b-7668abc55046</CashRegisterID>
</Receipt>