<?xml version='1.0' encoding='utf-8'?>
<Receipt>
	<ReceiptID>GR-2025-06-23;12:28:39-86</ReceiptID>
	<ReceiptBarcode>44694395</ReceiptBarcode>
	<ReceiptDate>2025-06-23;12:28:39</ReceiptDate>
	<VendorVAT>123-456-7890</VendorVAT>
	<VendorName>Acme Corp</VendorName>
	<VendorAddress>Main St 123 Springfield USA</VendorAddress>
	<Items>
		<Item>
			<item_name_brand_size>Dynamic Dash X127|Vans|37</item_name_brand_size>
			<item_barcode>9505152565496</item_barcode>
			<item_quantity>1</item_quantity>
			<price_ind>220.99</price_ind>
			<total_value>220.99</total_value>
			<item_vat>0.23</item_vat>
			<currency>EUR</currency>
		</Item>
		<Item>
			<item_name_brand_size>Storm Blaze Z139|HOKA ONE ONE|40</item_name_brand_size>
			<item_barcode>5660390941298</item_barcode>
			<item_quantity>8</item_quantity>
			<price_ind>129.99</price_ind>
			<total_value>1039.92</total_value>
			<item_vat>0.23</item_vat>
			<currency>EUR</currency>
		</Item>
	</Items>
	<ValueSum>1260.91</ValueSum>
	<Currency>{'EUR'}</Currency>
	<CashRegisterID>CASHREGc29ac9e7-95b1-4867-893a-6c8dd16b3b33</CashRegisterID>
</Receipt>