<?xml version='1.0' encoding='utf-8'?>
<Receipt>
	<ReceiptID>GR-2025-06-23;12:27:09-81</ReceiptID>
	<ReceiptBarcode>07528569</ReceiptBarcode>
	<ReceiptDate>2025-06-23;12:27:09</ReceiptDate>
	<VendorVAT>123-456-7890</VendorVAT>
	<VendorName>Acme Corp</VendorName>
	<VendorAddress>Main St 123 Springfield USA</VendorAddress>
	<Items>
		<Item>
			<item_name_brand_size>Max Stride TX148|Skechers|39</item_name_brand_size>
			<item_barcode>8990122754139</item_barcode>
			<item_quantity>2</item_quantity>
			<price_ind>337.99</price_ind>
			<total_value>675.98</total_value>
			<item_vat>0.23</item_vat>
			<currency>EUR</currency>
		</Item>
		<Item>
			<item_name_brand_size>Aero Track M114|Brooks|36</item_name_brand_size>
			<item_barcode>8308759283340</item_barcode>
			<item_quantity>6</item_quantity>
			<price_ind>321.99</price_ind>
			<total_value>1931.94</total_value>
			<item_vat>0.23</item_vat>
			<currency>EUR</currency>
		</Item>
	</Items>
	<ValueSum>2607.92</ValueSum>
	<Currency>{'EUR'}</Currency>
	<CashRegisterID>CASHREGe7f40845-ed55-4584-abc3-4ed575fcda23</CashRegisterID>
</Receipt>