<?xml version='1.0' encoding='utf-8'?>
<Receipt>
	<ReceiptID>GR-2025-06-23;12:22:58-63</ReceiptID>
	<ReceiptBarcode>90162947</ReceiptBarcode>
	<ReceiptDate>2025-06-23;12:22:58</ReceiptDate>
	<VendorVAT>123-456-7890</VendorVAT>
	<VendorName>Acme Corp</VendorName>
	<VendorAddress>Main St 123 Springfield USA</VendorAddress>
	<Items>
		<Item>
			<item_name_brand_size>Active Runner Z137|Timberland|45</item_name_brand_size>
			<item_barcode>6316295249944</item_barcode>
			<item_quantity>4</item_quantity>
			<price_ind>399.99</price_ind>
			<total_value>1599.96</total_value>
			<item_vat>0.23</item_vat>
			<currency>EUR</currency>
		</Item>
		<Item>
			<item_name_brand_size>True Zoom V131|HOKA ONE ONE|43</item_name_brand_size>
			<item_barcode>5118973290405</item_barcode>
			<item_quantity>2</item_quantity>
			<price_ind>324.99</price_ind>
			<total_value>649.98</total_value>
			<item_vat>0.23</item_vat>
			<currency>EUR</currency>
		</Item>
	</Items>
	<ValueSum>2249.94</ValueSum>
	<Currency>{'EUR'}</Currency>
	<CashRegisterID>CASHREG1546f4be-c18e-4b06-afbf-80d4efce3074</CashRegisterID>
</Receipt>