{
    "receipt_id": "GR-2025-06-23;12:22:48-62",
    "receipt_barcode": "39690906",
    "receipt_date": "2025-06-23;12:22:48",
    "vendor_vat": "123-456-7890",
    "vendor_name": "Acme Corp",
    "vendor_address": "Main St 123 Springfield USA",
    "items": [
        {
            "item_name_brand_size": "Active Runner TX115|ASICS|42",
            "item_barcode": "3132429611783",
            "item_quantity": "1",
            "price_ind": "362.99",
            "total_value": "362.99",
            "item_vat": "0.23",
            "currency": "EUR"
        }
    ],
    "value_sum": "362.99",
    "currency": "{'EUR'}",
    "cash_reg_id": "CASHREG40c115b0-9964-4048-81e6-cf6f44a2af58"
}