<?xml version='1.0' encoding='utf-8'?>
<Receipt>
	<ReceiptID>GR-2025-06-23;12:20:17-55</ReceiptID>
	<ReceiptBarcode>07190070</ReceiptBarcode>
	<ReceiptDate>2025-06-23;12:20:17</ReceiptDate>
	<VendorVAT>123-456-7890</VendorVAT>
	<VendorName>Acme Corp</VendorName>
	<VendorAddress>Main St 123 Springfield USA</VendorAddress>
	<Items>
		<Item>
			<item_name_brand_size>Ultra Form V124|Birkenstock|42</item_name_brand_size>
			<item_barcode>0122319857356</item_barcode>
			<item_quantity>4</item_quantity>
			<price_ind>383.99</price_ind>
			<total_value>1535.96</total_value>
			<item_vat>0.23</item_vat>
			<currency>EUR</currency>
		</Item>
	</Items>
	<ValueSum>1535.96</ValueSum>
	<Currency>{'EUR'}</Currency>
	<CashRegisterID>CASHREG0ce41b6b-9d7a-4765-9761-9986306f7c25</CashRegisterID>
</Receipt>