<?xml version='1.0' encoding='utf-8'?>
<Receipt>
	<ReceiptID>GR-2025-06-23;12:25:18-74</ReceiptID>
	<ReceiptBarcode>49379778</ReceiptBarcode>
	<ReceiptDate>2025-06-23;12:25:18</ReceiptDate>
	<VendorVAT>123-456-7890</VendorVAT>
	<VendorName>Acme Corp</VendorName>
	<VendorAddress>Main St 123 Springfield USA</VendorAddress>
	<Items>
		<Item>
			<item_name_brand_size>Fusion Blast V184|Adidas|44</item_name_brand_size>
			<item_barcode>3308708698398</item_barcode>
			<item_quantity>2</item_quantity>
			<price_ind>256.99</price_ind>
			<total_value>513.98</total_value>
			<item_vat>0.23</item_vat>
			<currency>EUR</currency>
		</Item>
	</Items>
	<ValueSum>513.98</ValueSum>
	<Currency>{'EUR'}</Currency>
	<CashRegisterID>CASHREG1cd39630-4127-4989-a515-97a8f8ec7445</CashRegisterID>
</Receipt>