{
    "receipt_id": "GR-2025-06-23;12:25:38-75",
    "receipt_barcode": "65997390",
    "receipt_date": "2025-06-23;12:25:38",
    "vendor_vat": "123-456-7890",
    "vendor_name": "Acme Corp",
    "vendor_address": "Main St 123 Springfield USA",
    "items": [
        {
            "item_name_brand_size": "Max Stride GT125|Clarks|40",
            "item_barcode": "0720195443429",
            "item_quantity": "1",
            "price_ind": "416.99",
            "total_value": "416.99",
            "item_vat": "0.23",
            "currency": "EUR"
        },
        {
            "item_name_brand_size": "Storm Form FX191|Adidas|43",
            "item_barcode": "1047785625553",
            "item_quantity": "8",
            "price_ind": "253.99",
            "total_value": "2031.92",
            "item_vat": "0.23",
            "currency": "EUR"
        }
    ],
    "value_sum": "2448.91",
    "currency": "{'EUR'}",
    "cash_reg_id": "CASHREGf177ae90-0d6c-4444-8869-38e5948b4826"
}