{
    "receipt_id": "GR-2025-06-23;12:26:39-78",
    "receipt_barcode": "02004266",
    "receipt_date": "2025-06-23;12:26:39",
    "vendor_vat": "123-456-7890",
    "vendor_name": "Acme Corp",
    "vendor_address": "Main St 123 Springfield USA",
    "items": [
        {
            "item_name_brand_size": "Pro Lift XR142|Balenciaga|41",
            "item_barcode": "6481004306765",
            "item_quantity": "1",
            "price_ind": "232.99",
            "total_value": "232.99",
            "item_vat": "0.23",
            "currency": "EUR"
        }
    ],
    "value_sum": "232.99",
    "currency": "{'EUR'}",
    "cash_reg_id": "CASHREG227dd0c2-10c5-48c5-8279-4f483f905e7c"
}