<?xml version='1.0' encoding='utf-8'?>
<Receipt>
	<ReceiptID>GR-2025-06-23;12:28:49-87</ReceiptID>
	<ReceiptBarcode>37138097</ReceiptBarcode>
	<ReceiptDate>2025-06-23;12:28:49</ReceiptDate>
	<VendorVAT>123-456-7890</VendorVAT>
	<VendorName>Acme Corp</VendorName>
	<VendorAddress>Main St 123 Springfield USA</VendorAddress>
	<Items>
		<Item>
			<item_name_brand_size>Speed Blast TX132|Skechers|37</item_name_brand_size>
			<item_barcode>3056067386424</item_barcode>
			<item_quantity>3</item_quantity>
			<price_ind>340.99</price_ind>
			<total_value>1022.97</total_value>
			<item_vat>0.23</item_vat>
			<currency>EUR</currency>
		</Item>
		<Item>
			<item_name_brand_size>Pro Track HD135|ASICS|44</item_name_brand_size>
			<item_barcode>1997956391889</item_barcode>
			<item_quantity>4</item_quantity>
			<price_ind>215.99</price_ind>
			<total_value>863.96</total_value>
			<item_vat>0.23</item_vat>
			<currency>EUR</currency>
		</Item>
		<Item>
			<item_name_brand_size>Core Zoom GT155|Adidas|44</item_name_brand_size>
			<item_barcode>3541397639017</item_barcode>
			<item_quantity>1</item_quantity>
			<price_ind>297.99</price_ind>
			<total_value>297.99</total_value>
			<item_vat>0.23</item_vat>
			<currency>EUR</currency>
		</Item>
		<Item>
			<item_name_brand_size>Fusion Blast V184|Adidas|41</item_name_brand_size>
			<item_barcode>3651603919243</item_barcode>
			<item_quantity>3</item_quantity>
			<price_ind>256.99</price_ind>
			<total_value>770.97</total_value>
			<item_vat>0.23</item_vat>
			<currency>EUR</currency>
		</Item>
		<Item>
			<item_name_brand_size>True Dash XR105|Clarks|39</item_name_brand_size>
			<item_barcode>2630675740154</item_barcode>
			<item_quantity>6</item_quantity>
			<price_ind>362.99</price_ind>
			<total_value>2177.94</total_value>
			<item_vat>0.23</item_vat>
			<currency>EUR</currency>
		</Item>
		<Item>
			<item_name_brand_size>Swift Pulse Z177|Vans|44</item_name_brand_size>
			<item_barcode>7401357854613</item_barcode>
			<item_quantity>1</item_quantity>
			<price_ind>294.99</price_ind>
			<total_value>294.99</total_value>
			<item_vat>0.23</item_vat>
			<currency>EUR</currency>
		</Item>
	</Items>
	<ValueSum>5428.82</ValueSum>
	<Currency>{'EUR'}</Currency>
	<CashRegisterID>CASHREG4ce9121a-96e8-4fd7-a706-6c060441840f</CashRegisterID>
</Receipt>