<?xml version='1.0' encoding='utf-8'?>
<Receipt>
	<ReceiptID>GR-2025-06-23;12:26:49-79</ReceiptID>
	<ReceiptBarcode>52603693</ReceiptBarcode>
	<ReceiptDate>2025-06-23;12:26:49</ReceiptDate>
	<VendorVAT>123-456-7890</VendorVAT>
	<VendorName>Acme Corp</VendorName>
	<VendorAddress>Main St 123 Springfield USA</VendorAddress>
	<Items>
		<Item>
			<item_name_brand_size>Flex Grip X133|Adidas|37</item_name_brand_size>
			<item_barcode>1586070269763</item_barcode>
			<item_quantity>7</item_quantity>
			<price_ind>293.99</price_ind>
			<total_value>2057.93</total_value>
			<item_vat>0.23</item_vat>
			<currency>EUR</currency>
		</Item>
		<Item>
			<item_name_brand_size>Swift Pulse Z177|Vans|39</item_name_brand_size>
			<item_barcode>3099904061399</item_barcode>
			<item_quantity>7</item_quantity>
			<price_ind>294.99</price_ind>
			<total_value>2064.93</total_value>
			<item_vat>0.23</item_vat>
			<currency>EUR</currency>
		</Item>
	</Items>
	<ValueSum>4122.86</ValueSum>
	<Currency>{'EUR'}</Currency>
	<CashRegisterID>CASHREG12e88163-ed5a-449e-bb75-edda7c345310</CashRegisterID>
</Receipt>