<?xml version='1.0' encoding='utf-8'?>
<Receipt>
	<ReceiptID>GR-2025-06-23;12:22:07-60</ReceiptID>
	<ReceiptBarcode>29571673</ReceiptBarcode>
	<ReceiptDate>2025-06-23;12:22:07</ReceiptDate>
	<VendorVAT>123-456-7890</VendorVAT>
	<VendorName>Acme Corp</VendorName>
	<VendorAddress>Main St 123 Springfield USA</VendorAddress>
	<Items>
		<Item>
			<item_name_brand_size>Max Pulse Z170|Salomon|41</item_name_brand_size>
			<item_barcode>5489618680890</item_barcode>
			<item_quantity>9</item_quantity>
			<price_ind>320.99</price_ind>
			<total_value>2888.91</total_value>
			<item_vat>0.23</item_vat>
			<currency>EUR</currency>
		</Item>
		<Item>
			<item_name_brand_size>Hyper Dash V126|Vans|38</item_name_brand_size>
			<item_barcode>2860794556446</item_barcode>
			<item_quantity>1</item_quantity>
			<price_ind>330.99</price_ind>
			<total_value>330.99</total_value>
			<item_vat>0.23</item_vat>
			<currency>EUR</currency>
		</Item>
	</Items>
	<ValueSum>3219.90</ValueSum>
	<Currency>{'EUR'}</Currency>
	<CashRegisterID>CASHREG00e0326b-c912-4cbb-a9b7-cc3f3efa755f</CashRegisterID>
</Receipt>