<?xml version='1.0' encoding='utf-8'?>
<Receipt>
	<ReceiptID>GR-2025-06-23;12:23:48-67</ReceiptID>
	<ReceiptBarcode>45459559</ReceiptBarcode>
	<ReceiptDate>2025-06-23;12:23:48</ReceiptDate>
	<VendorVAT>123-456-7890</VendorVAT>
	<VendorName>Acme Corp</VendorName>
	<VendorAddress>Main St 123 Springfield USA</VendorAddress>
	<Items>
		<Item>
			<item_name_brand_size>Speed Dash M118|Adidas|40</item_name_brand_size>
			<item_barcode>9385512206661</item_barcode>
			<item_quantity>1</item_quantity>
			<price_ind>276.99</price_ind>
			<total_value>276.99</total_value>
			<item_vat>0.23</item_vat>
			<currency>EUR</currency>
		</Item>
	</Items>
	<ValueSum>276.99</ValueSum>
	<Currency>{'EUR'}</Currency>
	<CashRegisterID>CASHREG54a9acbe-a858-4c22-927c-4de484afb147</CashRegisterID>
</Receipt>