{
    "receipt_id": "GR-2025-06-23;12:22:28-61",
    "receipt_barcode": "79414203",
    "receipt_date": "2025-06-23;12:22:28",
    "vendor_vat": "123-456-7890",
    "vendor_name": "Acme Corp",
    "vendor_address": "Main St 123 Springfield USA",
    "items": [
        {
            "item_name_brand_size": "True Zoom V131|HOKA ONE ONE|41",
            "item_barcode": "0666465766501",
            "item_quantity": "4",
            "price_ind": "324.99",
            "total_value": "1299.96",
            "item_vat": "0.23",
            "currency": "EUR"
        }
    ],
    "value_sum": "1299.96",
    "currency": "{'EUR'}",
    "cash_reg_id": "CASHREGa7912032-a962-48fc-882e-a431e356da09"
}