<?xml version='1.0' encoding='utf-8'?>
<Receipt>
	<ReceiptID>GR-2025-06-23;12:29:40-90</ReceiptID>
	<ReceiptBarcode>96445426</ReceiptBarcode>
	<ReceiptDate>2025-06-23;12:29:40</ReceiptDate>
	<VendorVAT>123-456-7890</VendorVAT>
	<VendorName>Acme Corp</VendorName>
	<VendorAddress>Main St 123 Springfield USA</VendorAddress>
	<Items>
		<Item>
			<item_name_brand_size>Fusion Flow HD185|Skechers|41</item_name_brand_size>
			<item_barcode>7654428417457</item_barcode>
			<item_quantity>1</item_quantity>
			<price_ind>325.99</price_ind>
			<total_value>325.99</total_value>
			<item_vat>0.23</item_vat>
			<currency>EUR</currency>
		</Item>
	</Items>
	<ValueSum>325.99</ValueSum>
	<Currency>{'EUR'}</Currency>
	<CashRegisterID>CASHREGc2c53b34-c73e-4977-a855-17204d056545</CashRegisterID>
</Receipt>