<?xml version='1.0' encoding='utf-8'?>
<Receipt>
	<ReceiptID>GR-2025-06-23;12:28:59-88</ReceiptID>
	<ReceiptBarcode>43968961</ReceiptBarcode>
	<ReceiptDate>2025-06-23;12:28:59</ReceiptDate>
	<VendorVAT>123-456-7890</VendorVAT>
	<VendorName>Acme Corp</VendorName>
	<VendorAddress>Main St 123 Springfield USA</VendorAddress>
	<Items>
		<Item>
			<item_name_brand_size>Swift Dash XR116|Timberland|36</item_name_brand_size>
			<item_barcode>9017690000068</item_barcode>
			<item_quantity>1</item_quantity>
			<price_ind>343.99</price_ind>
			<total_value>343.99</total_value>
			<item_vat>0.23</item_vat>
			<currency>EUR</currency>
		</Item>
		<Item>
			<item_name_brand_size>Core Zoom X135|Adidas|41</item_name_brand_size>
			<item_barcode>1116915011631</item_barcode>
			<item_quantity>1</item_quantity>
			<price_ind>330.99</price_ind>
			<total_value>330.99</total_value>
			<item_vat>0.23</item_vat>
			<currency>EUR</currency>
		</Item>
		<Item>
			<item_name_brand_size>Quantum Stride XR127|New Balance|38</item_name_brand_size>
			<item_barcode>7301782287676</item_barcode>
			<item_quantity>1</item_quantity>
			<price_ind>260.99</price_ind>
			<total_value>260.99</total_value>
			<item_vat>0.23</item_vat>
			<currency>EUR</currency>
		</Item>
	</Items>
	<ValueSum>935.97</ValueSum>
	<Currency>{'EUR'}</Currency>
	<CashRegisterID>CASHREG1bfa3756-13df-475a-a20f-dc25b7e751e8</CashRegisterID>
</Receipt>