{
    "receipt_id": "GR-2025-06-23;12:21:07-57",
    "receipt_barcode": "17567664",
    "receipt_date": "2025-06-23;12:21:07",
    "vendor_vat": "123-456-7890",
    "vendor_name": "Acme Corp",
    "vendor_address": "Main St 123 Springfield USA",
    "items": [
        {
            "item_name_brand_size": "Storm Flow LT123|Nike|41",
            "item_barcode": "9431206112555",
            "item_quantity": "5",
            "price_ind": "309.99",
            "total_value": "1549.95",
            "item_vat": "0.23",
            "currency": "EUR"
        },
        {
            "item_name_brand_size": "Swift Zoom X164|Birkenstock|40",
            "item_barcode": "8975807136783",
            "item_quantity": "1",
            "price_ind": "312.99",
            "total_value": "312.99",
            "item_vat": "0.23",
            "currency": "EUR"
        },
        {
            "item_name_brand_size": "Dynamic Track X174|New Balance|39",
            "item_barcode": "7189119835260",
            "item_quantity": "1",
            "price_ind": "386.99",
            "total_value": "386.99",
            "item_vat": "0.23",
            "currency": "EUR"
        }
    ],
    "value_sum": "2249.93",
    "currency": "{'EUR'}",
    "cash_reg_id": "CASHREGf9d746bb-4c77-4f88-bc2d-21fb6c929ea4"
}