{
    "receipt_id": "GR-2025-06-23;12:30:00-92",
    "receipt_barcode": "18116335",
    "receipt_date": "2025-06-23;12:30:00",
    "vendor_vat": "123-456-7890",
    "vendor_name": "Acme Corp",
    "vendor_address": "Main St 123 Springfield USA",
    "items": [
        {
            "item_name_brand_size": "Active Flow LT162|New Balance|45",
            "item_barcode": "9063505456377",
            "item_quantity": "2",
            "price_ind": "328.99",
            "total_value": "657.98",
            "item_vat": "0.23",
            "currency": "EUR"
        },
        {
            "item_name_brand_size": "Storm Flow LT123|Nike|38",
            "item_barcode": "0467498998330",
            "item_quantity": "1",
            "price_ind": "309.99",
            "total_value": "309.99",
            "item_vat": "0.23",
            "currency": "EUR"
        },
        {
            "item_name_brand_size": "True Dash XR105|Clarks|42",
            "item_barcode": "5358294984786",
            "item_quantity": "4",
            "price_ind": "362.99",
            "total_value": "1451.96",
            "item_vat": "0.23",
            "currency": "EUR"
        },
        {
            "item_name_brand_size": "True Dash XR105|Clarks|38",
            "item_barcode": "5498847070532",
            "item_quantity": "2",
            "price_ind": "362.99",
            "total_value": "725.98",
            "item_vat": "0.23",
            "currency": "EUR"
        },
        {
            "item_name_brand_size": "Dynamic Dash X127|Vans|46",
            "item_barcode": "9788003920587",
            "item_quantity": "13",
            "price_ind": "220.99",
            "total_value": "2872.87",
            "item_vat": "0.23",
            "currency": "EUR"
        },
        {
            "item_name_brand_size": "Ultra Zoom X143|Salomon|42",
            "item_barcode": "1328749041689",
            "item_quantity": "3",
            "price_ind": "234.99",
            "total_value": "704.97",
            "item_vat": "0.23",
            "currency": "EUR"
        },
        {
            "item_name_brand_size": "True Dash FX180|Dr. Martens|45",
            "item_barcode": "4807865406611",
            "item_quantity": "1",
            "price_ind": "333.99",
            "total_value": "333.99",
            "item_vat": "0.23",
            "currency": "EUR"
        },
        {
            "item_name_brand_size": "Quantum Flow FX139|Converse|38",
            "item_barcode": "0370871255978",
            "item_quantity": "2",
            "price_ind": "324.99",
            "total_value": "649.98",
            "item_vat": "0.23",
            "currency": "EUR"
        },
        {
            "item_name_brand_size": "Power Flow XR164|Under Armour|42",
            "item_barcode": "1209531574670",
            "item_quantity": "2",
            "price_ind": "352.99",
            "total_value": "705.98",
            "item_vat": "0.23",
            "currency": "EUR"
        }
    ],
    "value_sum": "8413.70",
    "currency": "{'EUR'}",
    "cash_reg_id": "CASHREGae25124e-75d4-4089-b3e1-e027c6629ac0"
}