{
    "receipt_id": "GR-2025-06-23;12:25:18-74",
    "receipt_barcode": "49379778",
    "receipt_date": "2025-06-23;12:25:18",
    "vendor_vat": "123-456-7890",
    "vendor_name": "Acme Corp",
    "vendor_address": "Main St 123 Springfield USA",
    "items": [
        {
            "item_name_brand_size": "Fusion Blast V184|Adidas|44",
            "item_barcode": "3308708698398",
            "item_quantity": "2",
            "price_ind": "256.99",
            "total_value": "513.98",
            "item_vat": "0.23",
            "currency": "EUR"
        }
    ],
    "value_sum": "513.98",
    "currency": "{'EUR'}",
    "cash_reg_id": "CASHREG1cd39630-4127-4989-a515-97a8f8ec7445"
}