{
    "receipt_id": "GR-2025-06-23;12:27:49-83",
    "receipt_barcode": "06162313",
    "receipt_date": "2025-06-23;12:27:49",
    "vendor_vat": "123-456-7890",
    "vendor_name": "Acme Corp",
    "vendor_address": "Main St 123 Springfield USA",
    "items": [
        {
            "item_name_brand_size": "Storm Drive LT163|Adidas|46",
            "item_barcode": "7788859972701",
            "item_quantity": "6",
            "price_ind": "282.99",
            "total_value": "1697.94",
            "item_vat": "0.23",
            "currency": "EUR"
        }
    ],
    "value_sum": "1697.94",
    "currency": "{'EUR'}",
    "cash_reg_id": "CASHREG3904f3e2-8884-4227-b639-347e000511b7"
}