<?xml version='1.0' encoding='utf-8'?>
<Receipt>
	<ReceiptID>GR-2025-06-23;12:29:50-91</ReceiptID>
	<ReceiptBarcode>03822401</ReceiptBarcode>
	<ReceiptDate>2025-06-23;12:29:50</ReceiptDate>
	<VendorVAT>123-456-7890</VendorVAT>
	<VendorName>Acme Corp</VendorName>
	<VendorAddress>Main St 123 Springfield USA</VendorAddress>
	<Items>
		<Item>
			<item_name_brand_size>Nova Boost M146|HOKA ONE ONE|45</item_name_brand_size>
			<item_barcode>8833099394888</item_barcode>
			<item_quantity>3</item_quantity>
			<price_ind>408.99</price_ind>
			<total_value>1226.97</total_value>
			<item_vat>0.23</item_vat>
			<currency>EUR</currency>
		</Item>
	</Items>
	<ValueSum>1226.97</ValueSum>
	<Currency>{'EUR'}</Currency>
	<CashRegisterID>CASHREG969e066d-60a5-430c-8495-2ca556695d35</CashRegisterID>
</Receipt>