{
    "receipt_id": "GR-2025-06-23;12:29:40-90",
    "receipt_barcode": "96445426",
    "receipt_date": "2025-06-23;12:29:40",
    "vendor_vat": "123-456-7890",
    "vendor_name": "Acme Corp",
    "vendor_address": "Main St 123 Springfield USA",
    "items": [
        {
            "item_name_brand_size": "Fusion Flow HD185|Skechers|41",
            "item_barcode": "7654428417457",
            "item_quantity": "1",
            "price_ind": "325.99",
            "total_value": "325.99",
            "item_vat": "0.23",
            "currency": "EUR"
        }
    ],
    "value_sum": "325.99",
    "currency": "{'EUR'}",
    "cash_reg_id": "CASHREGc2c53b34-c73e-4977-a855-17204d056545"
}