<?xml version='1.0' encoding='utf-8'?>
<Receipt>
	<ReceiptID>GR-2025-06-23;12:28:29-85</ReceiptID>
	<ReceiptBarcode>76643613</ReceiptBarcode>
	<ReceiptDate>2025-06-23;12:28:29</ReceiptDate>
	<VendorVAT>123-456-7890</VendorVAT>
	<VendorName>Acme Corp</VendorName>
	<VendorAddress>Main St 123 Springfield USA</VendorAddress>
	<Items>
		<Item>
			<item_name_brand_size>Aero Form Z131|Balenciaga|45</item_name_brand_size>
			<item_barcode>0887551590248</item_barcode>
			<item_quantity>9</item_quantity>
			<price_ind>243.99</price_ind>
			<total_value>2195.91</total_value>
			<item_vat>0.23</item_vat>
			<currency>EUR</currency>
		</Item>
		<Item>
			<item_name_brand_size>Core Trail LT153|Merrell|39</item_name_brand_size>
			<item_barcode>4848388168433</item_barcode>
			<item_quantity>1</item_quantity>
			<price_ind>259.99</price_ind>
			<total_value>259.99</total_value>
			<item_vat>0.23</item_vat>
			<currency>EUR</currency>
		</Item>
	</Items>
	<ValueSum>2455.90</ValueSum>
	<Currency>{'EUR'}</Currency>
	<CashRegisterID>CASHREG1983e14d-68f3-42df-ba29-b22b6e924551</CashRegisterID>
</Receipt>