{
    "receipt_id": "GR-2025-06-23;12:20:17-55",
    "receipt_barcode": "07190070",
    "receipt_date": "2025-06-23;12:20:17",
    "vendor_vat": "123-456-7890",
    "vendor_name": "Acme Corp",
    "vendor_address": "Main St 123 Springfield USA",
    "items": [
        {
            "item_name_brand_size": "Ultra Form V124|Birkenstock|42",
            "item_barcode": "0122319857356",
            "item_quantity": "4",
            "price_ind": "383.99",
            "total_value": "1535.96",
            "item_vat": "0.23",
            "currency": "EUR"
        }
    ],
    "value_sum": "1535.96",
    "currency": "{'EUR'}",
    "cash_reg_id": "CASHREG0ce41b6b-9d7a-4765-9761-9986306f7c25"
}