<?xml version='1.0' encoding='utf-8'?>
<Receipt>
	<ReceiptID>GR-2025-06-23;12:30:10-93</ReceiptID>
	<ReceiptBarcode>34174852</ReceiptBarcode>
	<ReceiptDate>2025-06-23;12:30:10</ReceiptDate>
	<VendorVAT>123-456-7890</VendorVAT>
	<VendorName>Acme Corp</VendorName>
	<VendorAddress>Main St 123 Springfield USA</VendorAddress>
	<Items>
		<Item>
			<item_name_brand_size>Ultra Trail Z152|Salomon|37</item_name_brand_size>
			<item_barcode>0256518117765</item_barcode>
			<item_quantity>1</item_quantity>
			<price_ind>204.99</price_ind>
			<total_value>204.99</total_value>
			<item_vat>0.23</item_vat>
			<currency>EUR</currency>
		</Item>
	</Items>
	<ValueSum>204.99</ValueSum>
	<Currency>{'EUR'}</Currency>
	<CashRegisterID>CASHREGf11cd095-25df-41de-8a1e-326a0997a6f4</CashRegisterID>
</Receipt>