<?xml version='1.0' encoding='utf-8'?>
<Receipt>
	<ReceiptID>GR-2025-06-23;12:25:48-76</ReceiptID>
	<ReceiptBarcode>08531377</ReceiptBarcode>
	<ReceiptDate>2025-06-23;12:25:48</ReceiptDate>
	<VendorVAT>123-456-7890</VendorVAT>
	<VendorName>Acme Corp</VendorName>
	<VendorAddress>Main St 123 Springfield USA</VendorAddress>
	<Items>
		<Item>
			<item_name_brand_size>Core Blaze LT182|Nike|46</item_name_brand_size>
			<item_barcode>0331401683463</item_barcode>
			<item_quantity>10</item_quantity>
			<price_ind>251.99</price_ind>
			<total_value>2519.90</total_value>
			<item_vat>0.23</item_vat>
			<currency>EUR</currency>
		</Item>
	</Items>
	<ValueSum>2519.90</ValueSum>
	<Currency>{'EUR'}</Currency>
	<CashRegisterID>CASHREG5813fdb7-94f2-411e-97de-c1e11c144572</CashRegisterID>
</Receipt>