<?xml version='1.0' encoding='utf-8'?>
<Invoice>
	<InvoiceID>INV-2025-06-23;12:21:37-17</InvoiceID>
	<InvoiceDate>2025-06-23;12:21:37</InvoiceDate>
	<VendorName>Acme Corp</VendorName>
	<VendorVAT>123-456-7890</VendorVAT>
	<VendorEORI>EORI123456</VendorEORI>
	<VendorREGON>REGON987654</VendorREGON>
	<VendorAddress>Main St 123 Springfield USA</VendorAddress>
	<Buyer>
		<BuyerName>Fundacja Rećko s.c.</BuyerName>
		<BuyerVAT>4189076734</BuyerVAT>
		<BuyerEORI>PL528706453185</BuyerEORI>
		<BuyerREGON>619801608</BuyerREGON>
		<Address>aleja Porzeczkowa 599, 95-849 Bielsko-Biała, Cyprus</Address>
	</Buyer>
	<Items>
		<Item>
			<ItemNameBrandSize>Prime Pulse HD140;Dr. Martens;40</ItemNameBrandSize>
			<ItemBarcode>1959827653731</ItemBarcode>
			<ItemMetaQuantity>Szt.</ItemMetaQuantity>
			<ItemQuantity>1</ItemQuantity>
			<PriceIndNet>232.53</PriceIndNet>
			<ValueNet>232.53</ValueNet>
			<PriceIndGross>301.99</PriceIndGross>
			<ValueGross>301.99</ValueGross>
			<ItemVAT>23%</ItemVAT>
			<Currency>EUR</Currency>
		</Item>
	</Items>
	<ValueSumNet>232.53</ValueSumNet>
	<ValueSumGross>301.99</ValueSumGross>
	<AdditionalNotes>Ku tkanina ten sam dziura. Urodzenie dzielić azjatycki telefon. Ponad urząd rząd spodnie złodziej. Podstawa nie wzrok doskonały niewolnik metoda podłoga.
Powiat przedsiębiorstwo słyszeć rzucić gałąź wynosić. Ilość zwykle dlaczego.</AdditionalNotes>
	<Currency>{'EUR'}</Currency>
</Invoice>