<?xml version='1.0' encoding='utf-8'?>
<Invoice>
	<InvoiceID>INV-2025-06-23;12:27:59-31</InvoiceID>
	<InvoiceDate>2025-06-23;12:27:59</InvoiceDate>
	<VendorName>Acme Corp</VendorName>
	<VendorVAT>123-456-7890</VendorVAT>
	<VendorEORI>EORI123456</VendorEORI>
	<VendorREGON>REGON987654</VendorREGON>
	<VendorAddress>Main St 123 Springfield USA</VendorAddress>
	<Buyer>
		<BuyerName>Gabinety Błażejak-Terka Sp.j.</BuyerName>
		<BuyerVAT>3513552255</BuyerVAT>
		<BuyerEORI>PL818130157069</BuyerEORI>
		<BuyerREGON>197730530</BuyerREGON>
		<Address>aleja Osiedlowa 37/87, 01-759 Kutno, Albania</Address>
	</Buyer>
	<Items>
		<Item>
			<ItemNameBrandSize>Swift Form M187;Under Armour;38</ItemNameBrandSize>
			<ItemBarcode>3722587315793</ItemBarcode>
			<ItemMetaQuantity>Szt.</ItemMetaQuantity>
			<ItemQuantity>1</ItemQuantity>
			<PriceIndNet>254.09</PriceIndNet>
			<ValueNet>254.09</ValueNet>
			<PriceIndGross>329.99</PriceIndGross>
			<ValueGross>329.99</ValueGross>
			<ItemVAT>23%</ItemVAT>
			<Currency>EUR</Currency>
		</Item>
	</Items>
	<ValueSumNet>254.09</ValueSumNet>
	<ValueSumGross>329.99</ValueSumGross>
	<AdditionalNotes>Papieros broda czas Żyd kamień żydowski istnieć nie. Świecić srebrny atak zakres oddech.
Śnieg polityk lud. Niechęć niedźwiedź substancja prawie stopień fotografia.
Majuskuła bądź atmosfera republika stopień pierwszy. Czerwiec okoliczność — chronić. Narodowość znajdować oba zabawa fotografia.</AdditionalNotes>
	<Currency>{'EUR'}</Currency>
</Invoice>