<?xml version='1.0' encoding='utf-8'?>
<Invoice>
	<InvoiceID>INV-2025-06-23;12:24:18-23</InvoiceID>
	<InvoiceDate>2025-06-23;12:24:18</InvoiceDate>
	<VendorName>Acme Corp</VendorName>
	<VendorVAT>123-456-7890</VendorVAT>
	<VendorEORI>EORI123456</VendorEORI>
	<VendorREGON>REGON987654</VendorREGON>
	<VendorAddress>Main St 123 Springfield USA</VendorAddress>
	<Buyer>
		<BuyerName>FPUH Fikus</BuyerName>
		<BuyerVAT>2643526617</BuyerVAT>
		<BuyerEORI>PL133157852706</BuyerEORI>
		<BuyerREGON>158534816</BuyerREGON>
		<Address>al. Piłsudskiego 60/23, 98-272 Skawina, Cambodia</Address>
	</Buyer>
	<Items>
		<Item>
			<ItemNameBrandSize>Swift Zoom X164;Birkenstock;44</ItemNameBrandSize>
			<ItemBarcode>7179724607130</ItemBarcode>
			<ItemMetaQuantity>Szt.</ItemMetaQuantity>
			<ItemQuantity>1</ItemQuantity>
			<PriceIndNet>241.0</PriceIndNet>
			<ValueNet>241.0</ValueNet>
			<PriceIndGross>312.99</PriceIndGross>
			<ValueGross>312.99</ValueGross>
			<ItemVAT>23%</ItemVAT>
			<Currency>EUR</Currency>
		</Item>
		<Item>
			<ItemNameBrandSize>Aero Blast FX155;Merrell;36</ItemNameBrandSize>
			<ItemBarcode>5240660927179</ItemBarcode>
			<ItemMetaQuantity>Szt.</ItemMetaQuantity>
			<ItemQuantity>5</ItemQuantity>
			<PriceIndNet>266.41</PriceIndNet>
			<ValueNet>1332.05</ValueNet>
			<PriceIndGross>345.99</PriceIndGross>
			<ValueGross>1729.95</ValueGross>
			<ItemVAT>23%</ItemVAT>
			<Currency>EUR</Currency>
		</Item>
		<Item>
			<ItemNameBrandSize>Quantum Flow Z112;Gucci;45</ItemNameBrandSize>
			<ItemBarcode>5197411847500</ItemBarcode>
			<ItemMetaQuantity>Szt.</ItemMetaQuantity>
			<ItemQuantity>1</ItemQuantity>
			<PriceIndNet>207.12</PriceIndNet>
			<ValueNet>207.12</ValueNet>
			<PriceIndGross>268.99</PriceIndGross>
			<ValueGross>268.99</ValueGross>
			<ItemVAT>23%</ItemVAT>
			<Currency>EUR</Currency>
		</Item>
		<Item>
			<ItemNameBrandSize>Speed Force XR104;Converse;40</ItemNameBrandSize>
			<ItemBarcode>0322902373199</ItemBarcode>
			<ItemMetaQuantity>Szt.</ItemMetaQuantity>
			<ItemQuantity>8</ItemQuantity>
			<PriceIndNet>231.76</PriceIndNet>
			<ValueNet>1854.08</ValueNet>
			<PriceIndGross>300.99</PriceIndGross>
			<ValueGross>2407.92</ValueGross>
			<ItemVAT>23%</ItemVAT>
			<Currency>EUR</Currency>
		</Item>
	</Items>
	<ValueSumNet>3634.25</ValueSumNet>
	<ValueSumGross>4719.85</ValueSumGross>
	<AdditionalNotes>Zdobyć św. spowodować filozofia pozycja padać stary cesarz. Król łódź istnieć bądź wiek -. Północny opieka Austria bogactwo teraz.
Gotować Polska mieć futro aktor tył amharski. Ani przejść naród administracyjny cena skala. Danie metal chłopak żywy obecny pół szkło.</AdditionalNotes>
	<Currency>{'EUR'}</Currency>
</Invoice>