<?xml version='1.0' encoding='utf-8'?>
<Invoice>
	<InvoiceID>INV-2025-06-23;12:26:29-28</InvoiceID>
	<InvoiceDate>2025-06-23;12:26:29</InvoiceDate>
	<VendorName>Acme Corp</VendorName>
	<VendorVAT>123-456-7890</VendorVAT>
	<VendorEORI>EORI123456</VendorEORI>
	<VendorREGON>REGON987654</VendorREGON>
	<VendorAddress>Main St 123 Springfield USA</VendorAddress>
	<Buyer>
		<BuyerName>PPUH Drygała i syn s.c.</BuyerName>
		<BuyerVAT>6287502742</BuyerVAT>
		<BuyerEORI>PL434160827181</BuyerEORI>
		<BuyerREGON>650130972</BuyerREGON>
		<Address>ul. Piłsudskiego 497, 50-695 Zgorzelec, Senegal</Address>
	</Buyer>
	<Items>
		<Item>
			<ItemNameBrandSize>Aero Track M114;Brooks;44</ItemNameBrandSize>
			<ItemBarcode>4926178176469</ItemBarcode>
			<ItemMetaQuantity>Szt.</ItemMetaQuantity>
			<ItemQuantity>4</ItemQuantity>
			<PriceIndNet>247.93</PriceIndNet>
			<ValueNet>991.72</ValueNet>
			<PriceIndGross>321.99</PriceIndGross>
			<ValueGross>1287.96</ValueGross>
			<ItemVAT>23%</ItemVAT>
			<Currency>EUR</Currency>
		</Item>
	</Items>
	<ValueSumNet>991.72</ValueSumNet>
	<ValueSumGross>1287.96</ValueSumGross>
	<AdditionalNotes>Czyli rozmawiać linia pod stworzyć. Masa planeta plan. Obowiązek czapka przedstawiać minuskuła forma dolina.
Chiny wygrać wnętrze ciotka. Prawie usuwać pomóc nieszczęście pewny. Silnik wstyd idea mama budować północny. Walczyć pogląd postawa krok.</AdditionalNotes>
	<Currency>{'EUR'}</Currency>
</Invoice>