<?xml version='1.0' encoding='utf-8'?>
<Invoice>
	<InvoiceID>INV-2025-06-23;12:26:09-27</InvoiceID>
	<InvoiceDate>2025-06-23;12:26:09</InvoiceDate>
	<VendorName>Acme Corp</VendorName>
	<VendorVAT>123-456-7890</VendorVAT>
	<VendorEORI>EORI123456</VendorEORI>
	<VendorREGON>REGON987654</VendorREGON>
	<VendorAddress>Main St 123 Springfield USA</VendorAddress>
	<Buyer>
		<BuyerName>Koronkiewicz Sp. z o.o. Sp.k.</BuyerName>
		<BuyerVAT>8847822645</BuyerVAT>
		<BuyerEORI>PL315788899352</BuyerEORI>
		<BuyerREGON>318085220</BuyerREGON>
		<Address>ul. Stroma 20, 64-029 Piła, Belgium</Address>
	</Buyer>
	<Items>
		<Item>
			<ItemNameBrandSize>Max Stride TX148;Skechers;43</ItemNameBrandSize>
			<ItemBarcode>7655259648164</ItemBarcode>
			<ItemMetaQuantity>Szt.</ItemMetaQuantity>
			<ItemQuantity>1</ItemQuantity>
			<PriceIndNet>260.25</PriceIndNet>
			<ValueNet>260.25</ValueNet>
			<PriceIndGross>337.99</PriceIndGross>
			<ValueGross>337.99</ValueGross>
			<ItemVAT>23%</ItemVAT>
			<Currency>EUR</Currency>
		</Item>
		<Item>
			<ItemNameBrandSize>Storm Wing Z140;Reebok;38</ItemNameBrandSize>
			<ItemBarcode>6473804720308</ItemBarcode>
			<ItemMetaQuantity>Szt.</ItemMetaQuantity>
			<ItemQuantity>7</ItemQuantity>
			<PriceIndNet>200.19</PriceIndNet>
			<ValueNet>1401.33</ValueNet>
			<PriceIndGross>259.99</PriceIndGross>
			<ValueGross>1819.93</ValueGross>
			<ItemVAT>23%</ItemVAT>
			<Currency>EUR</Currency>
		</Item>
		<Item>
			<ItemNameBrandSize>Elite Ride TX157;Salomon;45</ItemNameBrandSize>
			<ItemBarcode>5942803092293</ItemBarcode>
			<ItemMetaQuantity>Szt.</ItemMetaQuantity>
			<ItemQuantity>1</ItemQuantity>
			<PriceIndNet>219.44</PriceIndNet>
			<ValueNet>219.44</ValueNet>
			<PriceIndGross>284.99</PriceIndGross>
			<ValueGross>284.99</ValueGross>
			<ItemVAT>23%</ItemVAT>
			<Currency>EUR</Currency>
		</Item>
		<Item>
			<ItemNameBrandSize>True Dash XR105;Clarks;39</ItemNameBrandSize>
			<ItemBarcode>2630675740154</ItemBarcode>
			<ItemMetaQuantity>Szt.</ItemMetaQuantity>
			<ItemQuantity>1</ItemQuantity>
			<PriceIndNet>279.5</PriceIndNet>
			<ValueNet>279.5</ValueNet>
			<PriceIndGross>362.99</PriceIndGross>
			<ValueGross>362.99</ValueGross>
			<ItemVAT>23%</ItemVAT>
			<Currency>EUR</Currency>
		</Item>
		<Item>
			<ItemNameBrandSize>Elite Pulse LT161;Adidas;37</ItemNameBrandSize>
			<ItemBarcode>9367521490484</ItemBarcode>
			<ItemMetaQuantity>Szt.</ItemMetaQuantity>
			<ItemQuantity>1</ItemQuantity>
			<PriceIndNet>210.97</PriceIndNet>
			<ValueNet>210.97</ValueNet>
			<PriceIndGross>273.99</PriceIndGross>
			<ValueGross>273.99</ValueGross>
			<ItemVAT>23%</ItemVAT>
			<Currency>EUR</Currency>
		</Item>
		<Item>
			<ItemNameBrandSize>True Edge Z100;Salomon;41</ItemNameBrandSize>
			<ItemBarcode>9273640025035</ItemBarcode>
			<ItemMetaQuantity>Szt.</ItemMetaQuantity>
			<ItemQuantity>3</ItemQuantity>
			<PriceIndNet>241.77</PriceIndNet>
			<ValueNet>725.31</ValueNet>
			<PriceIndGross>313.99</PriceIndGross>
			<ValueGross>941.97</ValueGross>
			<ItemVAT>23%</ItemVAT>
			<Currency>EUR</Currency>
		</Item>
	</Items>
	<ValueSumNet>3096.8</ValueSumNet>
	<ValueSumGross>4021.86</ValueSumGross>
	<AdditionalNotes>Węgiel mnóstwo przerwa mecz. Herbata milion żołądek dziura odpowiedni 1.
Przeciw rozwój religia dawno ocena praca maszyna. Grób rasa zadanie ogród jego kieszeń.</AdditionalNotes>
	<Currency>{'EUR'}</Currency>
</Invoice>