<?xml version='1.0' encoding='utf-8'?>
<Invoice>
	<InvoiceID>INV-2025-06-23;12:29:30-34</InvoiceID>
	<InvoiceDate>2025-06-23;12:29:30</InvoiceDate>
	<VendorName>Acme Corp</VendorName>
	<VendorVAT>123-456-7890</VendorVAT>
	<VendorEORI>EORI123456</VendorEORI>
	<VendorREGON>REGON987654</VendorREGON>
	<VendorAddress>Main St 123 Springfield USA</VendorAddress>
	<Buyer>
		<BuyerName>Spółdzielnia Bajko</BuyerName>
		<BuyerVAT>4151137466</BuyerVAT>
		<BuyerEORI>PL309138839645</BuyerEORI>
		<BuyerREGON>651029376</BuyerREGON>
		<Address>pl. Okrężna 728, 08-278 Płock, Afghanistan</Address>
	</Buyer>
	<Items>
		<Item>
			<ItemNameBrandSize>Storm Form FX191;Adidas;44</ItemNameBrandSize>
			<ItemBarcode>5814650076057</ItemBarcode>
			<ItemMetaQuantity>Szt.</ItemMetaQuantity>
			<ItemQuantity>3</ItemQuantity>
			<PriceIndNet>195.57</PriceIndNet>
			<ValueNet>586.71</ValueNet>
			<PriceIndGross>253.99</PriceIndGross>
			<ValueGross>761.97</ValueGross>
			<ItemVAT>23%</ItemVAT>
			<Currency>EUR</Currency>
		</Item>
		<Item>
			<ItemNameBrandSize>Power Runner FX129;Balenciaga;43</ItemNameBrandSize>
			<ItemBarcode>8049570343065</ItemBarcode>
			<ItemMetaQuantity>Szt.</ItemMetaQuantity>
			<ItemQuantity>2</ItemQuantity>
			<PriceIndNet>200.96</PriceIndNet>
			<ValueNet>401.92</ValueNet>
			<PriceIndGross>260.99</PriceIndGross>
			<ValueGross>521.98</ValueGross>
			<ItemVAT>23%</ItemVAT>
			<Currency>EUR</Currency>
		</Item>
		<Item>
			<ItemNameBrandSize>Max Stride XR162;Birkenstock;36</ItemNameBrandSize>
			<ItemBarcode>0423645014278</ItemBarcode>
			<ItemMetaQuantity>Szt.</ItemMetaQuantity>
			<ItemQuantity>2</ItemQuantity>
			<PriceIndNet>243.31</PriceIndNet>
			<ValueNet>486.62</ValueNet>
			<PriceIndGross>315.99</PriceIndGross>
			<ValueGross>631.98</ValueGross>
			<ItemVAT>23%</ItemVAT>
			<Currency>EUR</Currency>
		</Item>
		<Item>
			<ItemNameBrandSize>Pro Track HD135;ASICS;41</ItemNameBrandSize>
			<ItemBarcode>6719273257243</ItemBarcode>
			<ItemMetaQuantity>Szt.</ItemMetaQuantity>
			<ItemQuantity>1</ItemQuantity>
			<PriceIndNet>166.31</PriceIndNet>
			<ValueNet>166.31</ValueNet>
			<PriceIndGross>215.99</PriceIndGross>
			<ValueGross>215.99</ValueGross>
			<ItemVAT>23%</ItemVAT>
			<Currency>EUR</Currency>
		</Item>
		<Item>
			<ItemNameBrandSize>True Pulse XR147;Dr. Martens;41</ItemNameBrandSize>
			<ItemBarcode>9488498738505</ItemBarcode>
			<ItemMetaQuantity>Szt.</ItemMetaQuantity>
			<ItemQuantity>1</ItemQuantity>
			<PriceIndNet>234.07</PriceIndNet>
			<ValueNet>234.07</ValueNet>
			<PriceIndGross>303.99</PriceIndGross>
			<ValueGross>303.99</ValueGross>
			<ItemVAT>23%</ItemVAT>
			<Currency>EUR</Currency>
		</Item>
	</Items>
	<ValueSumNet>1875.63</ValueSumNet>
	<ValueSumGross>2435.91</ValueSumGross>
	<AdditionalNotes>Jednostka otwór dziewięćdziesiąt niewolnik Niemcy rzucić.
Wygrać sklep ci miły miłość gospodarczy syn. Prawie zabawka noga podróż wizyta lekcja daleki. Wysłać płeć suma jajko Chiny niewolnik fragment.
Zabawa zaburzenie przeciwko. Ulica bardzo róg cisza.</AdditionalNotes>
	<Currency>{'EUR'}</Currency>
</Invoice>