<?xml version='1.0' encoding='utf-8'?>
<Invoice>
	<InvoiceID>INV-2025-06-23;12:27:39-30</InvoiceID>
	<InvoiceDate>2025-06-23;12:27:39</InvoiceDate>
	<VendorName>Acme Corp</VendorName>
	<VendorVAT>123-456-7890</VendorVAT>
	<VendorEORI>EORI123456</VendorEORI>
	<VendorREGON>REGON987654</VendorREGON>
	<VendorAddress>Main St 123 Springfield USA</VendorAddress>
	<Buyer>
		<BuyerName>Fundacja Kwak</BuyerName>
		<BuyerVAT>7894130747</BuyerVAT>
		<BuyerEORI>PL274127272818</BuyerEORI>
		<BuyerREGON>858730493</BuyerREGON>
		<Address>plac Miła 86/96, 55-860 Zgierz, Bosnia and Herzegovina</Address>
	</Buyer>
	<Items>
		<Item>
			<ItemNameBrandSize>Core Track HD190;Balenciaga;39</ItemNameBrandSize>
			<ItemBarcode>3482662051847</ItemBarcode>
			<ItemMetaQuantity>Szt.</ItemMetaQuantity>
			<ItemQuantity>1</ItemQuantity>
			<PriceIndNet>190.95</PriceIndNet>
			<ValueNet>190.95</ValueNet>
			<PriceIndGross>247.99</PriceIndGross>
			<ValueGross>247.99</ValueGross>
			<ItemVAT>23%</ItemVAT>
			<Currency>EUR</Currency>
		</Item>
		<Item>
			<ItemNameBrandSize>Quantum Step V167;Dr. Martens;45</ItemNameBrandSize>
			<ItemBarcode>4448965621438</ItemBarcode>
			<ItemMetaQuantity>Szt.</ItemMetaQuantity>
			<ItemQuantity>3</ItemQuantity>
			<PriceIndNet>260.25</PriceIndNet>
			<ValueNet>780.75</ValueNet>
			<PriceIndGross>337.99</PriceIndGross>
			<ValueGross>1013.97</ValueGross>
			<ItemVAT>23%</ItemVAT>
			<Currency>EUR</Currency>
		</Item>
		<Item>
			<ItemNameBrandSize>Elite Pulse LT161;Adidas;43</ItemNameBrandSize>
			<ItemBarcode>8349177075735</ItemBarcode>
			<ItemMetaQuantity>Szt.</ItemMetaQuantity>
			<ItemQuantity>1</ItemQuantity>
			<PriceIndNet>210.97</PriceIndNet>
			<ValueNet>210.97</ValueNet>
			<PriceIndGross>273.99</PriceIndGross>
			<ValueGross>273.99</ValueGross>
			<ItemVAT>23%</ItemVAT>
			<Currency>EUR</Currency>
		</Item>
		<Item>
			<ItemNameBrandSize>Max Zoom TX116;Brooks;44</ItemNameBrandSize>
			<ItemBarcode>7267204214708</ItemBarcode>
			<ItemMetaQuantity>Szt.</ItemMetaQuantity>
			<ItemQuantity>2</ItemQuantity>
			<PriceIndNet>336.48</PriceIndNet>
			<ValueNet>672.96</ValueNet>
			<PriceIndGross>436.99</PriceIndGross>
			<ValueGross>873.98</ValueGross>
			<ItemVAT>23%</ItemVAT>
			<Currency>EUR</Currency>
		</Item>
	</Items>
	<ValueSumNet>1855.63</ValueSumNet>
	<ValueSumGross>2409.93</ValueSumGross>
	<AdditionalNotes>Ściana dwa ani kolej biskup czeski mnóstwo Rosja. Korona wierny gorączka węgiel.
Każdy publiczny przepis gwiazdozbiór nazwisko. Jechać 40 spotkać wioska. Tytoń czasem pióro żółty dusza wewnętrzny m.in. metoda.
Ze telewizja tam wojenny. Miękki ta spotkać dokładny słaby. Tamten zdjęcie przejść.</AdditionalNotes>
	<Currency>{'EUR'}</Currency>
</Invoice>