<?xml version='1.0' encoding='utf-8'?>
<Invoice>
	<InvoiceID>INV-2025-06-23;12:22:38-21</InvoiceID>
	<InvoiceDate>2025-06-23;12:22:38</InvoiceDate>
	<VendorName>Acme Corp</VendorName>
	<VendorVAT>123-456-7890</VendorVAT>
	<VendorEORI>EORI123456</VendorEORI>
	<VendorREGON>REGON987654</VendorREGON>
	<VendorAddress>Main St 123 Springfield USA</VendorAddress>
	<Buyer>
		<BuyerName>FPUH Tylman-Giers Sp. z o.o.</BuyerName>
		<BuyerVAT>5359583638</BuyerVAT>
		<BuyerEORI>PL599201902669</BuyerEORI>
		<BuyerREGON>796365274</BuyerREGON>
		<Address>ul. Mała 53, 27-878 Oleśnica, Belize</Address>
	</Buyer>
	<Items>
		<Item>
			<ItemNameBrandSize>Aero Blast FX155;Merrell;40</ItemNameBrandSize>
			<ItemBarcode>4930410915648</ItemBarcode>
			<ItemMetaQuantity>Szt.</ItemMetaQuantity>
			<ItemQuantity>1</ItemQuantity>
			<PriceIndNet>266.41</PriceIndNet>
			<ValueNet>266.41</ValueNet>
			<PriceIndGross>345.99</PriceIndGross>
			<ValueGross>345.99</ValueGross>
			<ItemVAT>23%</ItemVAT>
			<Currency>EUR</Currency>
		</Item>
	</Items>
	<ValueSumNet>266.41</ValueSumNet>
	<ValueSumGross>345.99</ValueSumGross>
	<AdditionalNotes>Korzeń kończyć użyć przedstawienie. Prasa chodzić potrafić.
Psychiczny położyć pomysł Dania wyścig. Instytucja Boże Narodzenie rzadko los gorący.
Inny Ameryka hałas prezent medycyna. Ryż pora dobrze św. ruch członek. Przeszkoda srebro sukces osiągnąć stacja mecz późny przerwa.</AdditionalNotes>
	<Currency>{'EUR'}</Currency>
</Invoice>