<?xml version='1.0' encoding='utf-8'?>
<Invoice>
	<InvoiceID>INV-2025-06-23;12:29:20-33</InvoiceID>
	<InvoiceDate>2025-06-23;12:29:20</InvoiceDate>
	<VendorName>Acme Corp</VendorName>
	<VendorVAT>123-456-7890</VendorVAT>
	<VendorEORI>EORI123456</VendorEORI>
	<VendorREGON>REGON987654</VendorREGON>
	<VendorAddress>Main St 123 Springfield USA</VendorAddress>
	<Buyer>
		<BuyerName>Mokwa Sp.j.</BuyerName>
		<BuyerVAT>7268683890</BuyerVAT>
		<BuyerEORI>PL405966347683</BuyerEORI>
		<BuyerREGON>559311030</BuyerREGON>
		<Address>aleja Klonowa 57/99, 67-279 Słupsk, Luxembourg</Address>
	</Buyer>
	<Items>
		<Item>
			<ItemNameBrandSize>Quantum Edge X169;Clarks;36</ItemNameBrandSize>
			<ItemBarcode>1590696766988</ItemBarcode>
			<ItemMetaQuantity>Szt.</ItemMetaQuantity>
			<ItemQuantity>1</ItemQuantity>
			<PriceIndNet>340.33</PriceIndNet>
			<ValueNet>340.33</ValueNet>
			<PriceIndGross>441.99</PriceIndGross>
			<ValueGross>441.99</ValueGross>
			<ItemVAT>23%</ItemVAT>
			<Currency>EUR</Currency>
		</Item>
		<Item>
			<ItemNameBrandSize>Power Flow XR164;Under Armour;40</ItemNameBrandSize>
			<ItemBarcode>5758050994538</ItemBarcode>
			<ItemMetaQuantity>Szt.</ItemMetaQuantity>
			<ItemQuantity>2</ItemQuantity>
			<PriceIndNet>271.8</PriceIndNet>
			<ValueNet>543.6</ValueNet>
			<PriceIndGross>352.99</PriceIndGross>
			<ValueGross>705.98</ValueGross>
			<ItemVAT>23%</ItemVAT>
			<Currency>EUR</Currency>
		</Item>
	</Items>
	<ValueSumNet>883.93</ValueSumNet>
	<ValueSumGross>1147.97</ValueSumGross>
	<AdditionalNotes>Przestępstwo efekt światło. Przychodzić styl pies zabawka historia.
Warzywo wśród atak scena. Krew intensywny wujek połączyć alkohol szkodliwy. Pociąg płyta pokój wpaść trzydziesty młody.
Palić szczególnie Francja rodzaj trzy pięćdziesiąt. Lekarz mieć na imię dane. Sprawiać poczta kierunek przez.</AdditionalNotes>
	<Currency>{'EUR'}</Currency>
</Invoice>