<?xml version='1.0' encoding='utf-8'?>
<Invoice>
	<InvoiceID>INV-2025-06-23;12:20:47-16</InvoiceID>
	<InvoiceDate>2025-06-23;12:20:47</InvoiceDate>
	<VendorName>Acme Corp</VendorName>
	<VendorVAT>123-456-7890</VendorVAT>
	<VendorEORI>EORI123456</VendorEORI>
	<VendorREGON>REGON987654</VendorREGON>
	<VendorAddress>Main St 123 Springfield USA</VendorAddress>
	<Buyer>
		<BuyerName>Krekora i syn s.c.</BuyerName>
		<BuyerVAT>6442636442</BuyerVAT>
		<BuyerEORI>PL628884571924</BuyerEORI>
		<BuyerREGON>175530920</BuyerREGON>
		<Address>aleja Rycerska 94/82, 10-456 Białogard, Palestine</Address>
	</Buyer>
	<Items>
		<Item>
			<ItemNameBrandSize>Core Form XR172;Birkenstock;39</ItemNameBrandSize>
			<ItemBarcode>1729776601639</ItemBarcode>
			<ItemMetaQuantity>Szt.</ItemMetaQuantity>
			<ItemQuantity>1</ItemQuantity>
			<PriceIndNet>272.57</PriceIndNet>
			<ValueNet>272.57</ValueNet>
			<PriceIndGross>353.99</PriceIndGross>
			<ValueGross>353.99</ValueGross>
			<ItemVAT>23%</ItemVAT>
			<Currency>EUR</Currency>
		</Item>
	</Items>
	<ValueSumNet>272.57</ValueSumNet>
	<ValueSumGross>353.99</ValueSumGross>
	<AdditionalNotes>Filozofia szkoła uczyć. Alfabet wzrok 90 wywołać praktyka zawodnik. Styczeń sportowy temperatura dziwny ja określać.
Sobą skala papieros ryzyko.
Stado napój jaki ciasto. Słońce równy kapelusz mieć na imię kapelusz spokojny.</AdditionalNotes>
	<Currency>{'EUR'}</Currency>
</Invoice>