<?xml version='1.0' encoding='utf-8'?>
<Invoice>
	<InvoiceID>INV-2025-06-23;12:28:19-32</InvoiceID>
	<InvoiceDate>2025-06-23;12:28:19</InvoiceDate>
	<VendorName>Acme Corp</VendorName>
	<VendorVAT>123-456-7890</VendorVAT>
	<VendorEORI>EORI123456</VendorEORI>
	<VendorREGON>REGON987654</VendorREGON>
	<VendorAddress>Main St 123 Springfield USA</VendorAddress>
	<Buyer>
		<BuyerName>Gabinety Bociek-Kenig i syn s.c.</BuyerName>
		<BuyerVAT>7239020000</BuyerVAT>
		<BuyerEORI>PL390799050886</BuyerEORI>
		<BuyerREGON>599687783</BuyerREGON>
		<Address>al. Witosa 17, 43-929 Zduńska Wola, Fiji</Address>
	</Buyer>
	<Items>
		<Item>
			<ItemNameBrandSize>Ultra Form V124;Birkenstock;36</ItemNameBrandSize>
			<ItemBarcode>8078516378045</ItemBarcode>
			<ItemMetaQuantity>Szt.</ItemMetaQuantity>
			<ItemQuantity>4</ItemQuantity>
			<PriceIndNet>295.67</PriceIndNet>
			<ValueNet>1182.68</ValueNet>
			<PriceIndGross>383.99</PriceIndGross>
			<ValueGross>1535.96</ValueGross>
			<ItemVAT>23%</ItemVAT>
			<Currency>EUR</Currency>
		</Item>
	</Items>
	<ValueSumNet>1182.68</ValueSumNet>
	<ValueSumGross>1535.96</ValueSumGross>
	<AdditionalNotes>Klasa osoba mocz nocny wiersz tu smutny. Indie czyjś ząb. Pojechać wreszcie stawiać wyglądać.
Plecy lub typ praktyka. Osiemdziesiąt październik forma rola przyjemność rzucić. Wysiłek pomarańczowy nagły powierzchnia następny dziewczynka muzeum.</AdditionalNotes>
	<Currency>{'EUR'}</Currency>
</Invoice>