<?xml version='1.0' encoding='utf-8'?>
<Invoice>
	<InvoiceID>INV-2025-06-23;12:20:37-15</InvoiceID>
	<InvoiceDate>2025-06-23;12:20:37</InvoiceDate>
	<VendorName>Acme Corp</VendorName>
	<VendorVAT>123-456-7890</VendorVAT>
	<VendorEORI>EORI123456</VendorEORI>
	<VendorREGON>REGON987654</VendorREGON>
	<VendorAddress>Main St 123 Springfield USA</VendorAddress>
	<Buyer>
		<BuyerName>FPUH Bojczuk-Dzienis Sp. z o.o.</BuyerName>
		<BuyerVAT>3826348466</BuyerVAT>
		<BuyerEORI>PL294115007576</BuyerEORI>
		<BuyerREGON>376830003</BuyerREGON>
		<Address>ulica Bursztynowa 53, 39-280 Jawor, Belarus</Address>
	</Buyer>
	<Items>
		<Item>
			<ItemNameBrandSize>Core Zoom GT155;Adidas;40</ItemNameBrandSize>
			<ItemBarcode>1117598395780</ItemBarcode>
			<ItemMetaQuantity>Szt.</ItemMetaQuantity>
			<ItemQuantity>1</ItemQuantity>
			<PriceIndNet>229.45</PriceIndNet>
			<ValueNet>229.45</ValueNet>
			<PriceIndGross>297.99</PriceIndGross>
			<ValueGross>297.99</ValueGross>
			<ItemVAT>23%</ItemVAT>
			<Currency>EUR</Currency>
		</Item>
	</Items>
	<ValueSumNet>229.45</ValueSumNet>
	<ValueSumGross>297.99</ValueSumGross>
	<AdditionalNotes>Pismo święty tkanina kraj. Rządzić sprzedawać chęć północny szyja.
Szczególnie zając obecny na 7. We korzystać posiłek spodnie zwierzę lata Czechy czasem. Taki całość sytuacja ósmy.</AdditionalNotes>
	<Currency>{'EUR'}</Currency>
</Invoice>