<?xml version='1.0' encoding='utf-8'?>
<Invoice>
	<InvoiceID>INV-2025-06-23;12:21:47-18</InvoiceID>
	<InvoiceDate>2025-06-23;12:21:47</InvoiceDate>
	<VendorName>Acme Corp</VendorName>
	<VendorVAT>123-456-7890</VendorVAT>
	<VendorEORI>EORI123456</VendorEORI>
	<VendorREGON>REGON987654</VendorREGON>
	<VendorAddress>Main St 123 Springfield USA</VendorAddress>
	<Buyer>
		<BuyerName>Spółdzielnia Piekarek Sp.j.</BuyerName>
		<BuyerVAT>3199921662</BuyerVAT>
		<BuyerEORI>PL922387670057</BuyerEORI>
		<BuyerREGON>195560207</BuyerREGON>
		<Address>pl. Cisowa 20/31, 72-682 Chorzów, Bhutan</Address>
	</Buyer>
	<Items>
		<Item>
			<ItemNameBrandSize>Max Track GT153;Skechers;45</ItemNameBrandSize>
			<ItemBarcode>0062283430110</ItemBarcode>
			<ItemMetaQuantity>Szt.</ItemMetaQuantity>
			<ItemQuantity>4</ItemQuantity>
			<PriceIndNet>357.27</PriceIndNet>
			<ValueNet>1429.08</ValueNet>
			<PriceIndGross>463.99</PriceIndGross>
			<ValueGross>1855.96</ValueGross>
			<ItemVAT>23%</ItemVAT>
			<Currency>EUR</Currency>
		</Item>
		<Item>
			<ItemNameBrandSize>Storm Form M159;Converse;45</ItemNameBrandSize>
			<ItemBarcode>2851246026884</ItemBarcode>
			<ItemMetaQuantity>Szt.</ItemMetaQuantity>
			<ItemQuantity>1</ItemQuantity>
			<PriceIndNet>107.02</PriceIndNet>
			<ValueNet>107.02</ValueNet>
			<PriceIndGross>138.99</PriceIndGross>
			<ValueGross>138.99</ValueGross>
			<ItemVAT>23%</ItemVAT>
			<Currency>EUR</Currency>
		</Item>
		<Item>
			<ItemNameBrandSize>Prime Drive LT106;ASICS;38</ItemNameBrandSize>
			<ItemBarcode>4292278297688</ItemBarcode>
			<ItemMetaQuantity>Szt.</ItemMetaQuantity>
			<ItemQuantity>1</ItemQuantity>
			<PriceIndNet>170.93</PriceIndNet>
			<ValueNet>170.93</ValueNet>
			<PriceIndGross>221.99</PriceIndGross>
			<ValueGross>221.99</ValueGross>
			<ItemVAT>23%</ItemVAT>
			<Currency>EUR</Currency>
		</Item>
		<Item>
			<ItemNameBrandSize>Max Runner GT133;Timberland;41</ItemNameBrandSize>
			<ItemBarcode>7789823150026</ItemBarcode>
			<ItemMetaQuantity>Szt.</ItemMetaQuantity>
			<ItemQuantity>1</ItemQuantity>
			<PriceIndNet>224.83</PriceIndNet>
			<ValueNet>224.83</ValueNet>
			<PriceIndGross>291.99</PriceIndGross>
			<ValueGross>291.99</ValueGross>
			<ItemVAT>23%</ItemVAT>
			<Currency>EUR</Currency>
		</Item>
		<Item>
			<ItemNameBrandSize>Active Trail XR160;Clarks;44</ItemNameBrandSize>
			<ItemBarcode>5367679465864</ItemBarcode>
			<ItemMetaQuantity>Szt.</ItemMetaQuantity>
			<ItemQuantity>3</ItemQuantity>
			<PriceIndNet>223.29</PriceIndNet>
			<ValueNet>669.87</ValueNet>
			<PriceIndGross>289.99</PriceIndGross>
			<ValueGross>869.97</ValueGross>
			<ItemVAT>23%</ItemVAT>
			<Currency>EUR</Currency>
		</Item>
	</Items>
	<ValueSumNet>2601.73</ValueSumNet>
	<ValueSumGross>3378.90</ValueSumGross>
	<AdditionalNotes>Płakać 70 dalej koło rodzinny barwa. Pałac poruszać żona pojęcie szanowny. Przyjść Kościół środowisko kolejowy położenie sytuacja lato tył.
Zajmować Się żyć zdolność list samochód wyspa umiejętność. Spór rzeka otwór.
Kawa kawałek narodowy zgodny. Coraz to lina dzięki Chiny zapach profesor.</AdditionalNotes>
	<Currency>{'EUR'}</Currency>
</Invoice>