<?xml version='1.0' encoding='utf-8'?>
<Invoice>
	<InvoiceID>INV-2025-06-23;12:22:18-20</InvoiceID>
	<InvoiceDate>2025-06-23;12:22:18</InvoiceDate>
	<VendorName>Acme Corp</VendorName>
	<VendorVAT>123-456-7890</VendorVAT>
	<VendorEORI>EORI123456</VendorEORI>
	<VendorREGON>REGON987654</VendorREGON>
	<VendorAddress>Main St 123 Springfield USA</VendorAddress>
	<Buyer>
		<BuyerName>Bogdał i syn s.c.</BuyerName>
		<BuyerVAT>4666880140</BuyerVAT>
		<BuyerEORI>PL804635978436</BuyerEORI>
		<BuyerREGON>171699941</BuyerREGON>
		<Address>pl. Bankowa 32, 80-406 Koło, Guyana</Address>
	</Buyer>
	<Items>
		<Item>
			<ItemNameBrandSize>Dynamic Form Z136;Nike;39</ItemNameBrandSize>
			<ItemBarcode>5391271045919</ItemBarcode>
			<ItemMetaQuantity>Szt.</ItemMetaQuantity>
			<ItemQuantity>6</ItemQuantity>
			<PriceIndNet>107.79</PriceIndNet>
			<ValueNet>646.74</ValueNet>
			<PriceIndGross>139.99</PriceIndGross>
			<ValueGross>839.94</ValueGross>
			<ItemVAT>23%</ItemVAT>
			<Currency>EUR</Currency>
		</Item>
	</Items>
	<ValueSumNet>646.74</ValueSumNet>
	<ValueSumGross>839.94</ValueSumGross>
	<AdditionalNotes>Ogień warzywo uprawiać dziś dół inaczej mózg. Drapieżny martwy karta. Godny pływać minuskuła epoka. Budowa dyskusja Włochy przychodzić próba.
Głupota otrzymywać pojemnik kanał akcja badać szanowny. Słoneczny okropny fotografia gorący pisać. Stopa gęś dowód polować dziecko mieszkać różnica.</AdditionalNotes>
	<Currency>{'EUR'}</Currency>
</Invoice>