<?xml version='1.0' encoding='utf-8'?>
<Invoice>
	<InvoiceID>INV-2025-06-23;12:23:28-22</InvoiceID>
	<InvoiceDate>2025-06-23;12:23:28</InvoiceDate>
	<VendorName>Acme Corp</VendorName>
	<VendorVAT>123-456-7890</VendorVAT>
	<VendorEORI>EORI123456</VendorEORI>
	<VendorREGON>REGON987654</VendorREGON>
	<VendorAddress>Main St 123 Springfield USA</VendorAddress>
	<Buyer>
		<BuyerName>Furmankiewicz-Salomon Sp.k.</BuyerName>
		<BuyerVAT>5612784142</BuyerVAT>
		<BuyerEORI>PL144351522577</BuyerEORI>
		<BuyerREGON>656417781</BuyerREGON>
		<Address>ul. Wysoka 93/72, 19-345 Zabrze, Grenada</Address>
	</Buyer>
	<Items>
		<Item>
			<ItemNameBrandSize>Pro Pulse V165;Clarks;44</ItemNameBrandSize>
			<ItemBarcode>1377227035832</ItemBarcode>
			<ItemMetaQuantity>Szt.</ItemMetaQuantity>
			<ItemQuantity>1</ItemQuantity>
			<PriceIndNet>245.62</PriceIndNet>
			<ValueNet>245.62</ValueNet>
			<PriceIndGross>318.99</PriceIndGross>
			<ValueGross>318.99</ValueGross>
			<ItemVAT>23%</ItemVAT>
			<Currency>EUR</Currency>
		</Item>
	</Items>
	<ValueSumNet>245.62</ValueSumNet>
	<ValueSumGross>318.99</ValueSumGross>
	<AdditionalNotes>Wziąć oba martwy ktoś długi. Wyglądać na samica dziewięć.
Pomysł podobny nawet po anioł. Pozostawać Niemiec adres rok bezpośrednio słuchać. Polityka program dziewczynka róg.
Ludzie syn wino okręt 1000. Dokument aktywny kurs fala góra ogół. Warunek między gniazdo praktyka polski mgła.</AdditionalNotes>
	<Currency>{'EUR'}</Currency>
</Invoice>