<?xml version='1.0' encoding='utf-8'?>
<Invoice>
	<InvoiceID>INV-2025-06-23;12:24:38-24</InvoiceID>
	<InvoiceDate>2025-06-23;12:24:38</InvoiceDate>
	<VendorName>Acme Corp</VendorName>
	<VendorVAT>123-456-7890</VendorVAT>
	<VendorEORI>EORI123456</VendorEORI>
	<VendorREGON>REGON987654</VendorREGON>
	<VendorAddress>Main St 123 Springfield USA</VendorAddress>
	<Buyer>
		<BuyerName>Bąbol-Bąkiewicz Sp.j.</BuyerName>
		<BuyerVAT>8960595137</BuyerVAT>
		<BuyerEORI>PL449731387755</BuyerEORI>
		<BuyerREGON>574274690</BuyerREGON>
		<Address>ulica Jana III Sobieskiego 18/39, 45-882 Będzin, Japan</Address>
	</Buyer>
	<Items>
		<Item>
			<ItemNameBrandSize>Elite Step X177;Nike;41</ItemNameBrandSize>
			<ItemBarcode>9189705635692</ItemBarcode>
			<ItemMetaQuantity>Szt.</ItemMetaQuantity>
			<ItemQuantity>2</ItemQuantity>
			<PriceIndNet>187.87</PriceIndNet>
			<ValueNet>375.74</ValueNet>
			<PriceIndGross>243.99</PriceIndGross>
			<ValueGross>487.98</ValueGross>
			<ItemVAT>23%</ItemVAT>
			<Currency>EUR</Currency>
		</Item>
		<Item>
			<ItemNameBrandSize>Core Zoom X135;Adidas;39</ItemNameBrandSize>
			<ItemBarcode>7898404239422</ItemBarcode>
			<ItemMetaQuantity>Szt.</ItemMetaQuantity>
			<ItemQuantity>4</ItemQuantity>
			<PriceIndNet>254.86</PriceIndNet>
			<ValueNet>1019.44</ValueNet>
			<PriceIndGross>330.99</PriceIndGross>
			<ValueGross>1323.96</ValueGross>
			<ItemVAT>23%</ItemVAT>
			<Currency>EUR</Currency>
		</Item>
		<Item>
			<ItemNameBrandSize>Quantum Step V167;Dr. Martens;40</ItemNameBrandSize>
			<ItemBarcode>7573737241587</ItemBarcode>
			<ItemMetaQuantity>Szt.</ItemMetaQuantity>
			<ItemQuantity>1</ItemQuantity>
			<PriceIndNet>260.25</PriceIndNet>
			<ValueNet>260.25</ValueNet>
			<PriceIndGross>337.99</PriceIndGross>
			<ValueGross>337.99</ValueGross>
			<ItemVAT>23%</ItemVAT>
			<Currency>EUR</Currency>
		</Item>
	</Items>
	<ValueSumNet>1655.43</ValueSumNet>
	<ValueSumGross>2149.93</ValueSumGross>
	<AdditionalNotes>Ciecz tkanina skład liczny ostatni radość temat. Podnosić ssak moneta cecha wejść więzienie bez. Starożytny taki imię poznać znać ładny śniadanie.</AdditionalNotes>
	<Currency>{'EUR'}</Currency>
</Invoice>