<?xml version='1.0' encoding='utf-8'?>
<Invoice>
	<InvoiceID>INV-2025-06-23;12:27:29-29</InvoiceID>
	<InvoiceDate>2025-06-23;12:27:29</InvoiceDate>
	<VendorName>Acme Corp</VendorName>
	<VendorVAT>123-456-7890</VendorVAT>
	<VendorEORI>EORI123456</VendorEORI>
	<VendorREGON>REGON987654</VendorREGON>
	<VendorAddress>Main St 123 Springfield USA</VendorAddress>
	<Buyer>
		<BuyerName>Łasak-Staś s.c.</BuyerName>
		<BuyerVAT>8931183840</BuyerVAT>
		<BuyerEORI>PL143562284988</BuyerEORI>
		<BuyerREGON>038749553</BuyerREGON>
		<Address>ul. Bankowa 28, 31-750 Brodnica, Belgium</Address>
	</Buyer>
	<Items>
		<Item>
			<ItemNameBrandSize>Pro Boost GT132;Balenciaga;46</ItemNameBrandSize>
			<ItemBarcode>9656633361066</ItemBarcode>
			<ItemMetaQuantity>Szt.</ItemMetaQuantity>
			<ItemQuantity>9</ItemQuantity>
			<PriceIndNet>277.19</PriceIndNet>
			<ValueNet>2494.71</ValueNet>
			<PriceIndGross>359.99</PriceIndGross>
			<ValueGross>3239.91</ValueGross>
			<ItemVAT>23%</ItemVAT>
			<Currency>EUR</Currency>
		</Item>
	</Items>
	<ValueSumNet>2494.71</ValueSumNet>
	<ValueSumGross>3239.91</ValueSumGross>
	<AdditionalNotes>Pokryć nadawać małżeństwo. Ósmy kość religijny pszczoła zakres. Tworzyć Czechy piąty Pan motyl niebieski. Dość wiara banknot dopływ towar na zewnątrz.
Czechy lud aby panować znaczenie sen duch przy. Wypadek sierpień poprzez potrzeba.</AdditionalNotes>
	<Currency>{'EUR'}</Currency>
</Invoice>