<?xml version='1.0' encoding='utf-8'?>
<Invoice>
	<InvoiceID>INV-2025-06-23;12:21:57-19</InvoiceID>
	<InvoiceDate>2025-06-23;12:21:57</InvoiceDate>
	<VendorName>Acme Corp</VendorName>
	<VendorVAT>123-456-7890</VendorVAT>
	<VendorEORI>EORI123456</VendorEORI>
	<VendorREGON>REGON987654</VendorREGON>
	<VendorAddress>Main St 123 Springfield USA</VendorAddress>
	<Buyer>
		<BuyerName>Fundacja Herba Sp. z o.o.</BuyerName>
		<BuyerVAT>2173355867</BuyerVAT>
		<BuyerEORI>PL991147900600</BuyerEORI>
		<BuyerREGON>178297499</BuyerREGON>
		<Address>ulica Fredry 00, 59-495 Lubartów, Libya</Address>
	</Buyer>
	<Items>
		<Item>
			<ItemNameBrandSize>Aero Form TX107;Gucci;46</ItemNameBrandSize>
			<ItemBarcode>8865140683955</ItemBarcode>
			<ItemMetaQuantity>Szt.</ItemMetaQuantity>
			<ItemQuantity>3</ItemQuantity>
			<PriceIndNet>227.14</PriceIndNet>
			<ValueNet>681.42</ValueNet>
			<PriceIndGross>294.99</PriceIndGross>
			<ValueGross>884.97</ValueGross>
			<ItemVAT>23%</ItemVAT>
			<Currency>EUR</Currency>
		</Item>
	</Items>
	<ValueSumNet>681.42</ValueSumNet>
	<ValueSumGross>884.97</ValueSumGross>
	<AdditionalNotes>Całkowicie zabawka tani nasiono grób wykorzystywać. Chłop poważny żart ze szczęście lotnisko bóg ściana. Lotnisko rozpocząć zbierać szczególny zacząć.
Handel plaża sala na.</AdditionalNotes>
	<Currency>{'EUR'}</Currency>
</Invoice>