<?xml version='1.0' encoding='utf-8'?>
<Invoice>
	<InvoiceID>INV-2025-06-23;12:25:28-25</InvoiceID>
	<InvoiceDate>2025-06-23;12:25:28</InvoiceDate>
	<VendorName>Acme Corp</VendorName>
	<VendorVAT>123-456-7890</VendorVAT>
	<VendorEORI>EORI123456</VendorEORI>
	<VendorREGON>REGON987654</VendorREGON>
	<VendorAddress>Main St 123 Springfield USA</VendorAddress>
	<Buyer>
		<BuyerName>Heinrich-Kęsek s.c.</BuyerName>
		<BuyerVAT>6733813742</BuyerVAT>
		<BuyerEORI>PL803314979453</BuyerEORI>
		<BuyerREGON>277914751</BuyerREGON>
		<Address>al. Magnoliowa 299, 01-167 Legionowo, Mozambique</Address>
	</Buyer>
	<Items>
		<Item>
			<ItemNameBrandSize>Fusion Blast V184;Adidas;36</ItemNameBrandSize>
			<ItemBarcode>4721917714748</ItemBarcode>
			<ItemMetaQuantity>Szt.</ItemMetaQuantity>
			<ItemQuantity>1</ItemQuantity>
			<PriceIndNet>197.88</PriceIndNet>
			<ValueNet>197.88</ValueNet>
			<PriceIndGross>256.99</PriceIndGross>
			<ValueGross>256.99</ValueGross>
			<ItemVAT>23%</ItemVAT>
			<Currency>EUR</Currency>
		</Item>
		<Item>
			<ItemNameBrandSize>Fusion Force Z131;Nike;39</ItemNameBrandSize>
			<ItemBarcode>1992440608658</ItemBarcode>
			<ItemMetaQuantity>Szt.</ItemMetaQuantity>
			<ItemQuantity>1</ItemQuantity>
			<PriceIndNet>347.26</PriceIndNet>
			<ValueNet>347.26</ValueNet>
			<PriceIndGross>450.99</PriceIndGross>
			<ValueGross>450.99</ValueGross>
			<ItemVAT>23%</ItemVAT>
			<Currency>EUR</Currency>
		</Item>
	</Items>
	<ValueSumNet>545.14</ValueSumNet>
	<ValueSumGross>707.98</ValueSumGross>
	<AdditionalNotes>Przyjaciel kosztować los kupić postawić płyn. Bar tytoń amerykański mężczyzna pojawić się klub elektryczny. Wina dowód wojsko talerz butelka czasem.
Babcia pogoda kłaść wiosna górny czyli godny przygotowywać. Coś pacjent swój płakać kwiecień król.</AdditionalNotes>
	<Currency>{'EUR'}</Currency>
</Invoice>