<?xml version='1.0' encoding='utf-8'?>
<Invoice>
	<InvoiceID>INV-2025-06-23;12:25:59-26</InvoiceID>
	<InvoiceDate>2025-06-23;12:25:59</InvoiceDate>
	<VendorName>Acme Corp</VendorName>
	<VendorVAT>123-456-7890</VendorVAT>
	<VendorEORI>EORI123456</VendorEORI>
	<VendorREGON>REGON987654</VendorREGON>
	<VendorAddress>Main St 123 Springfield USA</VendorAddress>
	<Buyer>
		<BuyerName>Grupa Holewa-Puch Sp. z o.o.</BuyerName>
		<BuyerVAT>7456778543</BuyerVAT>
		<BuyerEORI>PL696083188342</BuyerEORI>
		<BuyerREGON>474261957</BuyerREGON>
		<Address>ul. Grzybowa 58, 48-643 Słupsk, Mongolia</Address>
	</Buyer>
	<Items>
		<Item>
			<ItemNameBrandSize>Flex Track FX131;Nike;45</ItemNameBrandSize>
			<ItemBarcode>6822553164633</ItemBarcode>
			<ItemMetaQuantity>Szt.</ItemMetaQuantity>
			<ItemQuantity>1</ItemQuantity>
			<PriceIndNet>248.7</PriceIndNet>
			<ValueNet>248.7</ValueNet>
			<PriceIndGross>322.99</PriceIndGross>
			<ValueGross>322.99</ValueGross>
			<ItemVAT>23%</ItemVAT>
			<Currency>EUR</Currency>
		</Item>
	</Items>
	<ValueSumNet>248.7</ValueSumNet>
	<ValueSumGross>322.99</ValueSumGross>
	<AdditionalNotes>Produkcja sowa majątek. Znany szybki przynieść żart.
Ludzki żydowski składać zwyczaj usługa. Łyżka dokładnie danie trzeci wszelki inaczej. Podać wtedy w postaci wygrać składnik atak. Zrobić oko owoc Rumunia pierwiastek chemiczny wieża postawić.</AdditionalNotes>
	<Currency>{'EUR'}</Currency>
</Invoice>